gene	pval	dev_exp	fdr	significant	effect_size	regulation	pseudoDEG
10 - ZNF493	1.497685880014199e-05	0.7070523204663344	0.00018451972240170978	True	5.685263712474164	DOWN	False
15 - ANKDD1A	1.3148635966464539e-05	0.7088733870561565	0.00018451972240170978	True	5.693109656063102	DOWN	False
15 - ANKRD52	1.768280652014731e-05	0.6944107114959264	0.00018451972240170978	True	5.449359021407723	DOWN	False
10 - NXT2	1.395928895697729e-05	0.7168016316777144	0.00018451972240170978	True	5.951117990589804	DOWN	True
10 - LACC1	1.7644777349001828e-05	0.6965044712588003	0.00018451972240170978	True	5.510876383322332	DOWN	False
15 - ALS2CL	1.3646888350926645e-05	0.7097103369202771	0.00018451972240170978	True	5.737096650204195	DOWN	False
15 - APOBR	1.3593070909534433e-05	0.7126717298901268	0.00018451972240170978	True	5.814402405339381	DOWN	False
15 - ALDH18A1	1.9482736909548493e-05	0.6960042277388342	0.00018451972240170978	True	5.542659574834127	DOWN	False
15 - ARHGAP33	1.103027279691915e-05	0.7169006240009627	0.00018451972240170978	True	5.826294549755436	DOWN	False
15 - ARID3B	1.7254153603429856e-05	0.7156904851946806	0.00018451972240170978	True	5.9858194519956145	DOWN	True
15 - ACP2	1.2213249550696581e-05	0.7159914851129525	0.00018451972240170978	True	5.84401080492251	DOWN	False
15 - BASP1	1.3510820352391484e-05	0.7087285930053087	0.00018451972240170978	True	5.707820409770503	DOWN	False
15 - BBS9	1.7500371951917337e-05	0.6955467709893841	0.00018451972240170978	True	5.468503413542263	DOWN	False
15 - BIK	1.0551196067520863e-05	0.7269187385615004	0.00018451972240170978	True	6.0866156185576505	DOWN	True
15 - BRF1	1.1826630728628551e-05	0.7187867457784711	0.00018451972240170978	True	5.903669411430659	DOWN	True
15 - BTN2A2	1.296240327874898e-05	0.7147436535120928	0.00018451972240170978	True	5.846830341415221	DOWN	False
15 - C5orf30	1.1462142648355211e-05	0.7142575435550899	0.00018451972240170978	True	5.763590060110892	DOWN	False
15 - CAMK2N1	1.9885992534662833e-05	0.6955829737509156	0.00018451972240170978	True	5.530428484504642	DOWN	False
15 - CAMSAP2	1.1563357963373377e-05	0.7146757232694149	0.00018451972240170978	True	5.7851784975098735	DOWN	False
15 - CBR4	1.858838523993711e-05	0.7085492134004104	0.00018451972240170978	True	5.828899303484498	DOWN	False
15 - CCDC142	1.1234057649134321e-05	0.720209574198814	0.00018451972240170978	True	5.9269031956301035	DOWN	True
15 - CDA	1.5440468377980743e-05	0.703601704588382	0.00018451972240170978	True	5.6374587082626935	DOWN	False
15 - CDC42BPB	1.1708714552360888e-05	0.7154507048163137	0.00018451972240170978	True	5.805320357790621	DOWN	False
15 - CDCA7L	2.169017623443459e-05	0.6854952376034253	0.00018451972240170978	True	5.307046551777266	DOWN	False
18 - ASNS	1.4338395465496312e-05	0.7085343651492493	0.00018451972240170978	True	5.710650518287215	DOWN	False
18 - BMPR2	1.7935798865664765e-05	0.6952985323974898	0.00018451972240170978	True	5.472058392106723	DOWN	False
18 - C16orf45	1.1031542798689564e-05	0.7202926139867952	0.00018451972240170978	True	5.929457410978539	DOWN	True
18 - C3orf62	2.0373466765422066e-05	0.7052518149178468	0.00018451972240170978	True	5.811988409512282	DOWN	False
18 - C8orf58	9.992130778235797e-06	0.727596739105336	0.00018451972240170978	True	6.091583529712192	DOWN	True
18 - CARM1	1.8583806044136786e-05	0.6980228333991977	0.00018451972240170978	True	5.562686060001352	DOWN	False
18 - CD101	1.136132930934508e-05	0.7177013440338686	0.00018451972240170978	True	5.870571781168145	DOWN	True
18 - CDK8	1.2952625692230768e-05	0.7215626369119688	0.00018451972240170978	True	6.043409577734731	DOWN	True
18 - CEP128	2.007324250496989e-05	0.7041177780478258	0.00018451972240170978	True	5.776799314248118	DOWN	False
18 - CHAF1A	1.271552757842187e-05	0.7167077898301117	0.00018451972240170978	True	5.901859889476084	DOWN	True
18 - CHST10	1.3147906479216154e-05	0.7150154589320389	0.00018451972240170978	True	5.869125621696456	DOWN	False
18 - CISH	1.839427191085985e-05	0.7000134696044773	0.00018451972240170978	True	5.5988559668907625	DOWN	False
18 - CLYBL	1.2805290162676286e-05	0.7216399427898379	0.00018451972240170978	True	6.042110449709694	DOWN	True
18 - DENND3	1.8954145674654477e-05	0.6974796656569315	0.00018451972240170978	True	5.561438566448708	DOWN	False
18 - DVL3	2.0354133798528018e-05	0.7083163698431316	0.00018451972240170978	True	5.888256235326969	DOWN	True
18 - DYNC2LI1	1.5007936688404833e-05	0.6970168554390379	0.00018451972240170978	True	5.422666588511004	DOWN	False
18 - EPHA4	1.6732180688427967e-05	0.6938390880655284	0.00018451972240170978	True	5.395271769069804	DOWN	False
18 - FBXL4	1.8859876443233503e-05	0.6938848961695139	0.00018451972240170978	True	5.461727835910605	DOWN	False
18 - NAV1	1.161726239273797e-05	0.717294381396095	0.00018451972240170978	True	5.871891144166915	DOWN	True
18 - NBPF15	1.1407965559318e-05	0.7200857013358181	0.00018451972240170978	True	5.94323620479544	DOWN	True
18 - NDST2	1.1230720731614241e-05	0.7214707957774	0.00018451972240170978	True	5.97457421164693	DOWN	True
18 - NEIL2	1.697698439406814e-05	0.711646369784178	0.00018451972240170978	True	5.896401376923539	DOWN	True
18 - GHDC	1.9045067072398503e-05	0.6997300317491664	0.00018451972240170978	True	5.616095192923063	DOWN	False
18 - GLE1	1.1618419059167273e-05	0.726439249715794	0.00018451972240170978	True	6.129425878390251	DOWN	True
18 - GPRASP1	1.1094571736647296e-05	0.7220189176098171	0.00018451972240170978	True	5.983513693199498	DOWN	True
18 - IMMP2L	1.2716593193018433e-05	0.7230934530977182	0.00018451972240170978	True	6.075990075265261	DOWN	True
18 - ITPK1	1.4962665119577778e-05	0.7203980535605232	0.00018451972240170978	True	6.073398848117737	DOWN	True
18 - ITPRIPL1	2.1443461785675133e-05	0.6921899022598542	0.00018451972240170978	True	5.483328091591054	DOWN	False
18 - KDM8	1.1474789240684125e-05	0.7181857454425178	0.00018451972240170978	True	5.891557169391039	DOWN	True
18 - KIAA0391	1.1296828849705065e-05	0.718762616004385	0.00018451972240170978	True	5.898345991452321	DOWN	True
18 - KLHL12	1.3104254819262806e-05	0.7225586342127166	0.00018451972240170978	True	6.074177359935359	DOWN	True
15 - CENPQ	9.790139752219318e-06	0.7326748092645359	0.00018451972240170978	True	6.216372520823558	DOWN	True
15 - CEP162	1.6294164066343875e-05	0.7094443841249978	0.00018451972240170978	True	5.8093362980532275	DOWN	False
15 - CFAP44	1.7853857705252274e-05	0.6986683845815602	0.00018451972240170978	True	5.57331363052756	DOWN	False
15 - CHIC1	2.1493708533992795e-05	0.7030636788460656	0.00018451972240170978	True	5.769841047804553	DOWN	False
15 - CLCN7	1.618379678880455e-05	0.7149373841188482	0.00018451972240170978	True	5.944129456091703	DOWN	True
15 - CNNM4	1.1873800069950313e-05	0.7151561970554128	0.00018451972240170978	True	5.819447938227072	DOWN	False
15 - CORO2A	1.0309754535087201e-05	0.7237570467022829	0.00018451972240170978	True	5.977319201094939	DOWN	True
15 - CREG1	2.0116247990142888e-05	0.7075607434606773	0.00018451972240170978	True	5.837507592602493	DOWN	False
15 - CYP2R1	1.6767811293671997e-05	0.7179975336693751	0.00018451972240170978	True	6.035368306033854	DOWN	True
18 - YY2	1.0731914693806743e-05	0.7202391623507984	0.00018451972240170978	True	5.913370912371844	DOWN	True
18 - ZBTB34	1.0507314342045326e-05	0.721564626631882	0.00018451972240170978	True	5.940838233567685	DOWN	True
18 - ZCCHC18	1.0582638568457092e-05	0.7231752757270171	0.00018451972240170978	True	5.989633373430588	DOWN	True
18 - ZCCHC3	2.1702388536715134e-05	0.7035276884003361	0.00018451972240170978	True	5.770477415126905	DOWN	False
18 - ZNF25	1.0397311229426442e-05	0.725988124358147	0.00018451972240170978	True	6.0661301378350485	DOWN	True
18 - ZNF333	1.714962744336912e-05	0.6983651315508589	0.00018451972240170978	True	5.527938322774001	DOWN	False
18 - ZNF470	1.4509201127776983e-05	0.6964331806493148	0.00018451972240170978	True	5.385475734386823	DOWN	False
18 - ZNF484	1.5069670856848738e-05	0.7115646067319925	0.00018451972240170978	True	5.842832130842874	DOWN	False
18 - PPP2R5D	2.0740372767114046e-05	0.7004163501126466	0.00018451972240170978	True	5.697366785559192	DOWN	False
18 - PRKCZ	1.6404810171621875e-05	0.7174637975210276	0.00018451972240170978	True	6.034654573988393	DOWN	True
18 - PROK2	1.6771624777534022e-05	0.7162017752712194	0.00018451972240170978	True	6.004739081478008	DOWN	True
18 - LMLN	1.2073612108531862e-05	0.7143839308750728	0.00018451972240170978	True	5.807761370138148	DOWN	False
18 - LRRC41	1.8123877424947032e-05	0.7128139077092577	0.00018451972240170978	True	5.9565422091282105	DOWN	True
18 - LTC4S	1.3910544153450388e-05	0.7147003943122774	0.00018451972240170978	True	5.886854138415933	DOWN	True
18 - MAGEE1	1.648187702085746e-05	0.6944296112397244	0.00018451972240170978	True	5.400731039594144	DOWN	False
18 - MAP3K14	1.2446142001132365e-05	0.727706069795435	0.00018451972240170978	True	6.192954526797301	DOWN	True
18 - MDP1	1.1147342236728086e-05	0.7213931741370986	0.00018451972240170978	True	5.969219374618391	DOWN	True
18 - MED18	1.075439402753453e-05	0.7234800517267359	0.00018451972240170978	True	6.0091410763167925	DOWN	True
18 - METTL22	1.7210269775636e-05	0.6903418197464986	0.00018451972240170978	True	5.318767361615529	DOWN	False
18 - MICALL1	1.7300252626362145e-05	0.6937736416703295	0.00018451972240170978	True	5.4108183542706385	DOWN	False
18 - MLH3	2.0892145020878772e-05	0.7075604058634992	0.00018451972240170978	True	5.878571288698239	DOWN	True
18 - MOV10	1.7782743688465885e-05	0.7081883202221934	0.00018451972240170978	True	5.831664105086008	DOWN	False
18 - MYO1C	1.2164960130456315e-05	0.7164554922562059	0.00018451972240170978	True	5.871787309751043	DOWN	True
18 - ZNF530	1.0173594957585408e-05	0.7229625539458511	0.00018451972240170978	True	5.964540170727512	DOWN	True
18 - ZNF550	1.2400042418758694e-05	0.7151957887725394	0.00018451972240170978	True	5.84385972106094	DOWN	False
18 - ZNF587B	1.7519539374455384e-05	0.7027906213665254	0.00018451972240170978	True	5.67961584782186	DOWN	False
18 - ZNF85	1.2610431819437551e-05	0.7135019247256015	0.00018451972240170978	True	5.780597577941297	DOWN	False
18 - ZSCAN18	1.0260998345335004e-05	0.725144297978689	0.00018451972240170978	True	6.033641187930073	DOWN	True
15 - DNAH1	1.4484173130657751e-05	0.7070279522799592	0.00018451972240170978	True	5.6960532953506995	DOWN	False
15 - DYNC2H1	1.5252838881596453e-05	0.7014897489135241	0.00018451972240170978	True	5.5674597013152685	DOWN	False
15 - DYRK4	1.8613886711538186e-05	0.7129719776270764	0.00018451972240170978	True	5.94513756616345	DOWN	True
15 - ELL	1.647390204739807e-05	0.7079677660221215	0.00018451972240170978	True	5.772402067317412	DOWN	False
15 - EMSY	1.7225523831876366e-05	0.7142111004748295	0.00018451972240170978	True	5.942877475894367	DOWN	True
15 - ERMARD	8.865537169500115e-06	0.7300266560737574	0.00018451972240170978	True	6.093800446173084	DOWN	True
15 - ERMN	1.4347025184879847e-05	0.7022178695552417	0.00018451972240170978	True	5.54758038287578	DOWN	False
15 - EVI5	1.343018566235532e-05	0.7098855971848336	0.00018451972240170978	True	5.721456591066926	DOWN	False
15 - FAM213B	1.1686518986864236e-05	0.720958297041772	0.00018451972240170978	True	5.96424008643696	DOWN	True
15 - FARP1	9.721912822557854e-06	0.7226772839061713	0.00018451972240170978	True	5.922094181264263	DOWN	True
18 - SLC7A6	1.0833429488599222e-05	0.7283681448880377	0.00018451972240170978	True	6.150650928540205	DOWN	True
18 - SLX4	1.1587750486596882e-05	0.7188884209014386	0.00018451972240170978	True	5.916787702513699	DOWN	True
18 - SNUPN	1.2614776115471571e-05	0.7339249676749067	0.00018451972240170978	True	6.3733540213151825	DOWN	True
18 - SPAG1	1.2891098405853896e-05	0.7210979743473367	0.00018451972240170978	True	6.027588853794679	DOWN	True
18 - SPDL1	1.8719938742695064e-05	0.6904645823437807	0.00018451972240170978	True	5.367770055984674	DOWN	False
18 - NRP2	1.1636983911600396e-05	0.7154361138010953	0.00018451972240170978	True	5.817071303745451	DOWN	False
18 - NTNG2	1.02116067096647e-05	0.7277842615756316	0.00018451972240170978	True	6.106919615611944	DOWN	True
18 - PEX10	1.0393437786748727e-05	0.7245956169148108	0.00018451972240170978	True	6.022628362559923	DOWN	True
18 - PIK3C2B	1.429033973132654e-05	0.7065807841546942	0.00018451972240170978	True	5.658474318627013	DOWN	False
18 - PLPP1	1.1869559733201918e-05	0.7157792788678071	0.00018451972240170978	True	5.837974039593433	DOWN	False
18 - POLR1C	2.0372578808935948e-05	0.6769767225238297	0.00018451972240170978	True	5.046722202177753	DOWN	False
18 - PPME1	1.7944136552094925e-05	0.7096342362468904	0.00018451972240170978	True	5.87124931237234	DOWN	True
15 - FASTKD1	1.1026512176992576e-05	0.7178707555158854	0.00018451972240170978	True	5.850271581412273	DOWN	False
15 - FBF1	1.0654522593522842e-05	0.7264470041096917	0.00018451972240170978	True	6.07500211766776	DOWN	True
15 - FBXO45	2.1773327243401752e-05	0.695067027803907	0.00018451972240170978	True	5.558934254094079	DOWN	False
15 - FER	1.5544166656167313e-05	0.7117903719471969	0.00018451972240170978	True	5.841782929910463	DOWN	False
15 - FHOD1	2.0628390656751705e-05	0.6921995680758409	0.00018451972240170978	True	5.481761954426604	DOWN	False
15 - GAB3	1.5039135923933244e-05	0.7113350450762836	0.00018451972240170978	True	5.825226478643641	DOWN	False
15 - GNAO1	1.3214797788485555e-05	0.7083931461341436	0.00018451972240170978	True	5.682973902302994	DOWN	False
15 - GORAB	1.191237192188499e-05	0.7181981694358425	0.00018451972240170978	True	5.90094182887966	DOWN	True
15 - HEG1	2.0234934006158056e-05	0.6884866804874853	0.00018451972240170978	True	5.355703390660649	DOWN	False
15 - HIST1H2BC	1.9367944150139316e-05	0.6942264358644537	0.00018451972240170978	True	5.4991418631330085	DOWN	False
15 - HPSE	1.4704428081935284e-05	0.7075853944838362	0.00018451972240170978	True	5.701888204817725	DOWN	False
15 - HS3ST3B1	1.5133910800324557e-05	0.7153126658961675	0.00018451972240170978	True	5.921742071842871	DOWN	True
15 - IL11RA	1.945551135051904e-05	0.702201319396762	0.00018451972240170978	True	5.689004781013284	DOWN	False
15 - INF2	1.7611255278437987e-05	0.7146582419309775	0.00018451972240170978	True	5.970661372130753	DOWN	True
15 - ITPRIPL1	1.0084084152151007e-05	0.7240580367682541	0.00018451972240170978	True	5.98745557436687	DOWN	True
15 - JAK2	1.5865287543603834e-05	0.7117279708077338	0.00018451972240170978	True	5.853972990652255	DOWN	False
15 - ZNF512B	1.4681467763399958e-05	0.7112220235311452	0.00018451972240170978	True	5.798206515461332	DOWN	False
15 - ZNF526	1.118568863023306e-05	0.7162787572662026	0.00018451972240170978	True	5.814419059951318	DOWN	False
15 - ZNF551	1.1001104503582937e-05	0.726310842128989	0.00018451972240170978	True	6.0816693034914024	DOWN	True
15 - ZNF577	1.4013351211317193e-05	0.7049492994963769	0.00018451972240170978	True	5.614749570762069	DOWN	False
15 - ZNF592	1.2547356514125418e-05	0.7200622021526737	0.00018451972240170978	True	5.961157106827597	DOWN	True
15 - ZNF664	1.8443196726836142e-05	0.6935946824836507	0.00018451972240170978	True	5.447161933644942	DOWN	False
15 - ZNF680	1.5503977605968444e-05	0.7064395052176136	0.00018451972240170978	True	5.69389262639326	DOWN	False
15 - ZNF76	1.94568986876531e-05	0.7092614356272208	0.00018451972240170978	True	5.865644106278489	DOWN	False
15 - ZNF773	1.1815306075746435e-05	0.7230793095676105	0.00018451972240170978	True	6.02596933755934	DOWN	True
15 - ZNF79	1.0787573920256754e-05	0.7198195126246312	0.00018451972240170978	True	5.90383921044471	DOWN	True
18 - PUS3	1.674933265072287e-05	0.6993421609922428	0.00018451972240170978	True	5.542417423989098	DOWN	False
18 - RFC5	2.0645196320612236e-05	0.6872964191043791	0.00018451972240170978	True	5.333957706151903	DOWN	False
18 - RFWD3	1.8315278613290076e-05	0.6871513792981554	0.00018451972240170978	True	5.257857513100535	DOWN	False
18 - RIC8B	1.1198178345717125e-05	0.7284214720954907	0.00018451972240170978	True	6.170227537684718	DOWN	True
18 - SCAP	1.7543682168219554e-05	0.714977092407135	0.00018451972240170978	True	6.001582767388906	DOWN	True
18 - SERAC1	1.702032393680053e-05	0.7032210066201043	0.00018451972240170978	True	5.677745087731286	DOWN	False
18 - SERPINB8	1.9293446914092627e-05	0.6828137193595887	0.00018451972240170978	True	5.164345211975246	DOWN	False
18 - SH3BP5-AS1	9.967889529560736e-06	0.7261753343584627	0.00018451972240170978	True	6.049255531622321	DOWN	True
18 - SIK2	2.111494047463136e-05	0.6980758031195754	0.00018451972240170978	True	5.652125077808881	DOWN	False
18 - SLC25A20	1.886228717262739e-05	0.7160274837680687	0.00018451972240170978	True	6.051844392744376	DOWN	True
18 - SLC43A1	1.0166052074711551e-05	0.7268626649975898	0.00018451972240170978	True	6.078879524532633	DOWN	True
15 - KANK1	1.83239643568589e-05	0.6991564667847595	0.00018451972240170978	True	5.594642686238776	DOWN	False
15 - KIR3DX1	9.74115292784461e-06	0.7281017507894026	0.00018451972240170978	True	6.083396528519995	DOWN	True
15 - LANCL1	2.156884693704786e-05	0.6938871232940043	0.00018451972240170978	True	5.5379316009399115	DOWN	False
15 - LMBR1	1.901231987000429e-05	0.7064893618290042	0.00018451972240170978	True	5.788696011894209	DOWN	False
15 - LNX2	9.471254486137504e-06	0.7363659605009116	0.00018451972240170978	True	6.306900546806736	DOWN	True
15 - LONRF1	1.0938543406391332e-05	0.7255163347771051	0.00018451972240170978	True	6.056391743543495	DOWN	True
15 - LRRC27	9.512802617628324e-06	0.7293639254802197	0.00018451972240170978	True	6.114763230984215	DOWN	True
15 - MCM4	2.131934543669889e-05	0.6974677882582665	0.00018451972240170978	True	5.611338165599097	DOWN	False
15 - METTL13	1.122763979488628e-05	0.7316926388599273	0.00018451972240170978	True	6.247015402715897	DOWN	True
15 - METTL22	1.842968164544878e-05	0.6921320877889824	0.00018451972240170978	True	5.411395726382929	DOWN	False
15 - MSANTD2	1.2751721547132888e-05	0.715444188959369	0.00018451972240170978	True	5.860282690202246	DOWN	False
15 - MTBP	1.5048056465571946e-05	0.7030041517892931	0.00018451972240170978	True	5.602460455748306	DOWN	False
15 - MYEF2	1.244546849799022e-05	0.713794112082299	0.00018451972240170978	True	5.795634725211711	DOWN	False
15 - NANP	1.5537326337522472e-05	0.7029258618826522	0.00018451972240170978	True	5.60452826277909	DOWN	False
15 - NBPF12	1.4141023937819241e-05	0.7063296222517155	0.00018451972240170978	True	5.6479145764004	DOWN	False
15 - NOP9	1.4294856779506482e-05	0.7049772136296045	0.00018451972240170978	True	5.627457206403417	DOWN	False
15 - OTUD7B	1.1130696957128983e-05	0.7214838611525654	0.00018451972240170978	True	5.957642691306079	DOWN	True
18 - TRMT61A	1.6173679361464188e-05	0.7101193937406671	0.00018451972240170978	True	5.833135206206932	DOWN	False
18 - UBE2T	1.0907922885272647e-05	0.7217752697007029	0.00018451972240170978	True	5.967716345392766	DOWN	True
18 - VPS50	2.0662206844046516e-05	0.7104402300548973	0.00018451972240170978	True	5.947155873182724	DOWN	True
18 - WDR4	1.0966786601396272e-05	0.7210635143251629	0.00018451972240170978	True	5.950036611837167	DOWN	True
18 - WIZ	1.333546383264217e-05	0.7145522030138226	0.00018451972240170978	True	5.864649976051842	DOWN	False
15 - ZNF460	1.5165845352882457e-05	0.7051735159222405	0.00018451972240170978	True	5.647374572383907	DOWN	False
6 - XXYLT1	1.910300923890773e-05	0.6884909447619685	0.00018451972240170978	True	5.324711190272301	DOWN	False
6 - ZNF461	1.5859525671069186e-05	0.7028936521078966	0.00018451972240170978	True	5.63104260099117	DOWN	False
15 - ZNF512	1.536487189746083e-05	0.7153123723685486	0.00018451972240170978	True	5.937651208265696	DOWN	True
15 - PCSK5	2.1444273881843223e-05	0.6900146405915961	0.00018451972240170978	True	5.428251760928777	DOWN	False
15 - PFAS	1.554469176179296e-05	0.70178443754938	0.00018451972240170978	True	5.57673814103203	DOWN	False
15 - PIP4K2C	1.165681887271841e-05	0.7194497234899855	0.00018451972240170978	True	5.92837322806388	DOWN	True
15 - PLD2	1.4691183427784082e-05	0.7045979490287404	0.00018451972240170978	True	5.632813619774741	DOWN	False
15 - PLEKHG3	2.0739681220072193e-05	0.6948164720116248	0.00018451972240170978	True	5.5447682133010545	DOWN	False
15 - POLE	1.1476763273510215e-05	0.7164268103707349	0.00018451972240170978	True	5.822187575435458	DOWN	False
15 - PPARGC1B	1.4801724376289904e-05	0.7017353198043663	0.00018451972240170978	True	5.55594464192201	DOWN	False
15 - PRR5L	9.86233698785366e-06	0.7250158873240006	0.00018451972240170978	True	6.001810908780726	DOWN	True
15 - RAI1	1.866557148910708e-05	0.693196862502208	0.00018451972240170978	True	5.450275448290106	DOWN	False
15 - WDR35	1.1580504795438706e-05	0.7175593464321348	0.00018451972240170978	True	5.874990096912045	DOWN	True
15 - WWC3	8.406490637824504e-06	0.7488697202258856	0.00018451972240170978	True	6.629011377728956	DOWN	True
15 - XYLT1	1.3836109853837542e-05	0.7094176019917842	0.00018451972240170978	True	5.73235482087168	DOWN	False
15 - YIPF2	1.928128326944556e-05	0.7025518924309202	0.00018451972240170978	True	5.689177204118952	DOWN	False
15 - ZBTB48	9.569395593600483e-06	0.7321089782807167	0.00018451972240170978	True	6.190778209721378	DOWN	True
15 - ZC3H10	1.2850588398727325e-05	0.7112376857969261	0.00018451972240170978	True	5.748020296441736	DOWN	False
15 - ZCCHC14	1.7903631703841683e-05	0.6992658697270213	0.00018451972240170978	True	5.581508015678014	DOWN	False
15 - ZNF18	1.0149479856669252e-05	0.7235289001535649	0.00018451972240170978	True	5.975204593731502	DOWN	True
18 - TAF1C	1.4538628791860297e-05	0.7163893747386785	0.00018451972240170978	True	5.956165074241254	DOWN	True
18 - TRIT1	1.2708605022671016e-05	0.7149399270509793	0.00018451972240170978	True	5.850670250649136	DOWN	False
15 - TIMM21	1.088313997943402e-05	0.7226724214868432	0.00018451972240170978	True	5.977568876308649	DOWN	True
15 - TMOD2	2.1045495851135243e-05	0.6916168958065254	0.00018451972240170978	True	5.471728744415668	DOWN	False
15 - TOP3B	1.827073592919337e-05	0.7092260884497599	0.00018451972240170978	True	5.84472334236664	DOWN	False
15 - TPCN1	1.2913398450997704e-05	0.7154008469418838	0.00018451972240170978	True	5.853504483845555	DOWN	False
15 - TPPP3	1.1390804734778825e-05	0.7164339628392989	0.00018451972240170978	True	5.83395241695432	DOWN	False
15 - TRAF3IP1	1.4363981468701326e-05	0.7102987950641484	0.00018451972240170978	True	5.756297430947224	DOWN	False
15 - TRIM66	1.3930951546003989e-05	0.7063919796773663	0.00018451972240170978	True	5.648153258947277	DOWN	False
15 - TRMT12	1.0961627388339501e-05	0.7214135059889167	0.00018451972240170978	True	5.94779428193852	DOWN	True
15 - TTC5	1.9798438658402695e-05	0.6973465291270016	0.00018451972240170978	True	5.57295491456689	DOWN	False
15 - TTL	1.2791488954722041e-05	0.7268899740089472	0.00018451972240170978	True	6.1660541633939685	DOWN	True
15 - UNC119B	1.2268889210576006e-05	0.7143965616961108	0.00018451972240170978	True	5.807163036835997	DOWN	False
15 - URB1	1.3095418281650062e-05	0.707962199919342	0.00018451972240170978	True	5.6471889114442435	DOWN	False
15 - USP28	1.904280991182894e-05	0.7113118159210352	0.00018451972240170978	True	5.9121905703511075	DOWN	True
15 - USP45	1.285461333133675e-05	0.7147434654660888	0.00018451972240170978	True	5.843587401958301	DOWN	False
15 - UST	1.1335640604182018e-05	0.7170800388765228	0.00018451972240170978	True	5.850022801922084	DOWN	False
15 - VARS	1.3331415909756394e-05	0.7126687429543577	0.00018451972240170978	True	5.784384382626135	DOWN	False
15 - SARM1	1.270237646378014e-05	0.7127736231502073	0.00018451972240170978	True	5.7729078224595245	DOWN	False
15 - SAYSD1	2.108912570542021e-05	0.7086793938940841	0.00018451972240170978	True	5.887792424363147	DOWN	True
15 - SEC61A2	1.3127687209624206e-05	0.7211645301920255	0.00018451972240170978	True	6.017768717987065	DOWN	True
15 - SLC15A2	1.1254531285476155e-05	0.7172232475955288	0.00018451972240170978	True	5.850319416466923	DOWN	False
15 - SLC22A17	1.2345952479342337e-05	0.7155656915681335	0.00018451972240170978	True	5.850561479759778	DOWN	False
15 - SLC25A17	9.715051473735414e-06	0.7271738328456787	0.00018451972240170978	True	6.050849923605599	DOWN	True
15 - SNAPC3	1.3200235244870129e-05	0.7275849907337291	0.00018451972240170978	True	6.194246912480378	DOWN	True
15 - SNED1	2.0305790664143508e-05	0.6912089264085737	0.00018451972240170978	True	5.422894390083695	DOWN	False
15 - SNX8	1.321155924705053e-05	0.7072458826612411	0.00018451972240170978	True	5.644104237696401	DOWN	False
15 - SPECC1L	1.540930728549661e-05	0.7074165857841178	0.00018451972240170978	True	5.733974297289271	DOWN	False
15 - TCF19	1.5711837869525347e-05	0.7047170326746124	0.00018451972240170978	True	5.671455122987437	DOWN	False
15 - THAP3	1.9093631201561045e-05	0.7020050637147022	0.00018451972240170978	True	5.683393819717426	DOWN	False
6 - KLHL26	1.1684351354346312e-05	0.7190744558936211	0.00018451972240170978	True	5.927901113663621	DOWN	True
6 - BMP8B	1.9382768822517882e-05	0.6933730299324562	0.00018451972240170978	True	5.493858265801073	DOWN	False
6 - C17orf51	1.2340570870406076e-05	0.7152364794062271	0.00018451972240170978	True	5.850201972605889	DOWN	False
6 - CAMSAP2	1.1807958741893998e-05	0.7171850517995253	0.00018451972240170978	True	5.881509107786985	DOWN	True
6 - CPT1B	1.1804586720787213e-05	0.7173790823183086	0.00018451972240170978	True	5.886793888931331	DOWN	True
6 - PIK3R2	1.4462957323546632e-05	0.7068612285596969	0.00018451972240170978	True	5.700328929115389	DOWN	False
6 - SIMC1	1.2044982896086687e-05	0.7263346154633721	0.00018451972240170978	True	6.142185617840056	DOWN	True
6 - SLC18B1	1.1856038716562267e-05	0.7141223444122073	0.00018451972240170978	True	5.781064841836798	DOWN	False
6 - SLC22A5	1.546212502911981e-05	0.7033087886215668	0.00018451972240170978	True	5.63872680155164	DOWN	False
6 - TJP3	1.4871033511942855e-05	0.7103364918149702	0.00018451972240170978	True	5.797524525165373	DOWN	False
6 - TLCD2	1.222565823633115e-05	0.7154717566376363	0.00018451972240170978	True	5.851128742005354	DOWN	False
18 - ABHD17C	1.0913432101467002e-05	0.720657568697433	0.00018451972240170978	True	5.934745314177574	DOWN	True
10 - TTLL3	2.2895833964420298e-05	0.6835959980549355	0.00018488805059255903	True	5.316081401829773	DOWN	False
15 - TTI2	2.3418844369182956e-05	0.7020695686669975	0.00018488805059255903	True	5.756254335835798	DOWN	False
6 - VPS52	2.2466696924405838e-05	0.6990976488508921	0.00018488805059255903	True	5.68175470141953	DOWN	False
15 - AP1B1	2.3665670475847556e-05	0.6915515289209027	0.00018488805059255903	True	5.501678283729778	DOWN	False
18 - ELOVL6	2.3634877642009222e-05	0.6742786565317407	0.00018488805059255903	True	5.06529129445502	DOWN	False
18 - FAM20B	2.2087216756117023e-05	0.6967894744424837	0.00018488805059255903	True	5.6361448548779345	DOWN	False
18 - FZR1	2.277498020863966e-05	0.6854004617144197	0.00018488805059255903	True	5.339490348628579	DOWN	False
18 - FH	2.332362508028485e-05	0.6971629848102434	0.00018488805059255903	True	5.642567815323313	DOWN	False
15 - KLHL42	2.2370303730756547e-05	0.6972886612793437	0.00018488805059255903	True	5.61938912141955	DOWN	False
15 - CEACAM21	2.3316281698715358e-05	0.6970050947407294	0.00018488805059255903	True	5.638963481597232	DOWN	False
15 - MGST1	2.2780863250360106e-05	0.6826486919045295	0.00018488805059255903	True	5.288304344003837	DOWN	False
15 - LMTK2	2.28468955822958e-05	0.6800660828594736	0.00018488805059255903	True	5.202790216685108	DOWN	False
15 - PPP1R12B	2.343060020726373e-05	0.6866832204995104	0.00018488805059255903	True	5.390737573706343	DOWN	False
15 - PRMT5	2.311057696380292e-05	0.7001353702164697	0.00018488805059255903	True	5.716513955558	DOWN	False
15 - GPR137	2.223018691438483e-05	0.6966393088841796	0.00018488805059255903	True	5.61758599368719	DOWN	False
15 - ZNF821	2.2295301330688133e-05	0.7021222681568435	0.00018488805059255903	True	5.74280993783433	DOWN	False
15 - SREBF1	2.288061408428632e-05	0.6959703670657027	0.00018488805059255903	True	5.5987119676936645	DOWN	False
15 - TGIF2	2.3593841613656075e-05	0.6851947531661513	0.00018488805059255903	True	5.350080365729748	DOWN	False
15 - SMYD4	2.3066004533389695e-05	0.6994239417420873	0.00018488805059255903	True	5.687527379113351	DOWN	False
15 - CD200R1	2.308871419198777e-05	0.6917333890779602	0.00018488805059255903	True	5.505586412518827	DOWN	False
15 - C2CD3	2.3826578390617748e-05	0.6931662756497846	0.00018542084350675289	True	5.546818212028503	DOWN	False
15 - WNT10A	2.447014116235824e-05	0.6876256126131545	0.00018682317291708695	True	5.437459190509288	DOWN	False
15 - CEP128	2.562306492392974e-05	0.7090800652820066	0.00018682317291708695	True	5.974829087972301	DOWN	True
15 - DICER1-AS1	2.5251264726744438e-05	0.6928941786596146	0.00018682317291708695	True	5.572019399653091	DOWN	False
15 - ZMAT3	2.4486127162881566e-05	0.6989301917386019	0.00018682317291708695	True	5.713368385111168	DOWN	False
15 - XPNPEP1	2.4777670442288624e-05	0.6953463625566938	0.00018682317291708695	True	5.6242703379768235	DOWN	False
15 - PRKCZ	2.671571372714343e-05	0.6841112168842571	0.00018682317291708695	True	5.388131002674372	DOWN	False
6 - ZNF222	2.667763232244713e-05	0.6786683443549868	0.00018682317291708695	True	5.281158288514674	DOWN	False
15 - KDM5B	2.4639974239071272e-05	0.6860340598449333	0.00018682317291708695	True	5.378348664261545	DOWN	False
18 - XRCC1	2.4825078544954415e-05	0.6991469071704783	0.00018682317291708695	True	5.742015350208201	DOWN	False
15 - UBIAD1	2.662170060785396e-05	0.7029854830540513	0.00018682317291708695	True	5.837823405395336	DOWN	False
18 - STK38L	2.5463824074867247e-05	0.6853431910547396	0.00018682317291708695	True	5.3930264522321	DOWN	False
18 - NFE2L1	2.608186366426235e-05	0.698434959967569	0.00018682317291708695	True	5.753116410551084	DOWN	False
18 - SMARCAL1	2.5415313377519233e-05	0.6793845267604015	0.00018682317291708695	True	5.240548571211235	DOWN	False
15 - FEM1C	2.6040607144395267e-05	0.6962089409628418	0.00018682317291708695	True	5.667169040276014	DOWN	False
15 - GOLGA5	2.5289267324590803e-05	0.6944952384556633	0.00018682317291708695	True	5.605957414269728	DOWN	False
15 - IFFO1	2.535647820955944e-05	0.6971071200735575	0.00018682317291708695	True	5.67984341880751	DOWN	False
18 - CPSF1	2.50630768277027e-05	0.6695673901698833	0.00018682317291708695	True	4.9793131622582	DOWN	False
19 - TAOK1	2.634528805955938e-05	0.6814202996927443	0.00018682317291708695	True	5.297505738127259	DOWN	False
15 - EPG5	2.595811028405226e-05	0.684839782734046	0.00018682317291708695	True	5.383589756051581	DOWN	False
15 - GPR82	2.648434388197174e-05	0.6850214037785178	0.00018682317291708695	True	5.38995045673212	DOWN	False
15 - RAD54L2	2.520063597222233e-05	0.6876417093709688	0.00018682317291708695	True	5.43847952853694	DOWN	False
18 - BCL2L12	2.652005294812021e-05	0.6838741887719486	0.00018682317291708695	True	5.372541962522038	DOWN	False
15 - ABCD2	2.5070740166666106e-05	0.6965821945869362	0.00018682317291708695	True	5.657329032471926	DOWN	False
6 - HS6ST1	2.552131282640424e-05	0.6837585744145989	0.00018682317291708695	True	5.376779587217708	DOWN	False
15 - ATP6V1E2	2.5866635686488948e-05	0.6787673614184557	0.00018682317291708695	True	5.234155697355271	DOWN	False
15 - BRPF1	2.6215051951328228e-05	0.6761786903606791	0.00018682317291708695	True	5.178097153072655	DOWN	False
6 - ARFIP2	2.4313658110730607e-05	0.6745909692227255	0.00018682317291708695	True	5.073795117380823	DOWN	False
6 - ZNF786	2.471483092414406e-05	0.689207964982454	0.00018682317291708695	True	5.502155607493071	DOWN	False
15 - ZNF692	2.6382269393443458e-05	0.6960797461328676	0.00018682317291708695	True	5.659092036517981	DOWN	False
15 - TLR2	2.699153315632863e-05	0.6745020218319406	0.00018809430770960718	True	5.163751049114807	DOWN	False
15 - TRIM41	2.712729851639395e-05	0.7034169603029308	0.000188384017474958	True	5.853981821478182	DOWN	False
15 - ZC3H7B	2.8185037730943385e-05	0.6719863161051833	0.00018979823387840663	True	5.105305386239011	DOWN	False
18 - ZNF529	2.814472180057148e-05	0.6747945978736516	0.00018979823387840663	True	5.1775166669630215	DOWN	False
18 - SLC12A6	2.779492720250687e-05	0.6829212976420669	0.00018979823387840663	True	5.368941834636457	DOWN	False
15 - PLA2G6	2.8128286108874967e-05	0.6750893196273973	0.00018979823387840663	True	5.190727834256107	DOWN	False
15 - PSMD5	2.773520797227924e-05	0.6802495525020937	0.00018979823387840663	True	5.3004517643332845	DOWN	False
15 - ASCC1	2.773141587464334e-05	0.6845559856694833	0.00018979823387840663	True	5.411792852523085	DOWN	False
15 - ETAA1	2.7923665040785473e-05	0.6801684630653011	0.00018979823387840663	True	5.31316249624601	DOWN	False
18 - MTA3	2.770628831272326e-05	0.6675310008094182	0.00018979823387840663	True	4.988059592719189	DOWN	False
6 - SLC41A3	2.8040784347926895e-05	0.6873586666271567	0.00018979823387840663	True	5.488321588880915	DOWN	False
15 - TMEM39A	2.8576908118638222e-05	0.6768572665820434	0.0001917913296552901	True	5.246668313489289	DOWN	False
18 - CEP44	2.8681330563551377e-05	0.6847216286096061	0.0001918483649735878	True	5.432285759576472	DOWN	False
15 - MRS2	2.9157206189345253e-05	0.6805567801346651	0.0001924568065303317	True	5.328844044148329	DOWN	False
15 - GDAP2	2.8990189625099916e-05	0.6847888699544642	0.0001924568065303317	True	5.43567972760226	DOWN	False
18 - PDZD4	2.9154501825723322e-05	0.6866362183303796	0.0001924568065303317	True	5.485563993140321	DOWN	False
15 - ADAL	2.898726727840195e-05	0.688191077744216	0.0001924568065303317	True	5.508309605160614	DOWN	False
18 - PSMD5	2.9280474367898712e-05	0.6794031013173361	0.00019263469978880732	True	5.316348639124926	DOWN	False
15 - SLC16A1-AS1	2.9478061430832092e-05	0.6773541955354292	0.00019266706817537316	True	5.255896346146451	DOWN	False
15 - SH3BP2	2.94101164580729e-05	0.6800043147887223	0.00019266706817537316	True	5.317516636354843	DOWN	False
18 - DNAJC11	3.063391401803006e-05	0.6515807712639082	0.0001953176149500494	True	4.639508043087836	DOWN	False
15 - CAMKMT	3.076252435463278e-05	0.6844185700552221	0.0001953176149500494	True	5.452266176818774	DOWN	False
15 - ASH2L	3.0649929371184825e-05	0.6976534179808855	0.0001953176149500494	True	5.759836162380494	DOWN	False
18 - NELL2	3.0167250856139027e-05	0.6696969151325429	0.0001953176149500494	True	5.090801811422397	DOWN	False
6 - EDARADD	3.0695855485873835e-05	0.6874754553060767	0.0001953176149500494	True	5.526129786575434	DOWN	False
6 - MATN1-AS1	3.060086585893185e-05	0.6568334551650454	0.0001953176149500494	True	4.769860685733907	DOWN	False
15 - TPM1	3.074489410681558e-05	0.6834634952287855	0.0001953176149500494	True	5.421884051258584	DOWN	False
18 - CAPG	3.061702518847298e-05	0.707985645579934	0.0001953176149500494	True	6.021374968332471	DOWN	True
15 - MED24	3.0398249862284565e-05	0.6865874172734419	0.0001953176149500494	True	5.484305340515979	DOWN	False
18 - NOP14-AS1	3.1120017023211766e-05	0.6896184612978478	0.0001957587543418258	True	5.61310354868592	DOWN	False
6 - ZNF793	3.148435347577472e-05	0.6810668286859001	0.0001957587543418258	True	5.387953177823276	DOWN	False
18 - IL6ST	3.157419762167546e-05	0.6995686456201754	0.0001957587543418258	True	5.837093060267156	DOWN	False
15 - RUNDC1	3.142884845741545e-05	0.6957795558033493	0.0001957587543418258	True	5.727557118882218	DOWN	False
15 - SEC24A	3.12719123677363e-05	0.6879149445926972	0.0001957587543418258	True	5.532405727955359	DOWN	False
15 - SLC44A1	3.1547474342419335e-05	0.6743229081106137	0.0001957587543418258	True	5.221736295646704	DOWN	False
15 - SGSM2	3.1615038826204866e-05	0.6717259018357771	0.0001957587543418258	True	5.154000243647738	DOWN	False
15 - SARNP	3.1017566599511603e-05	0.693996835644799	0.0001957587543418258	True	5.674715451491455	DOWN	False
18 - ARHGEF12	3.194965607222766e-05	0.6947779875780999	0.00019603168592623098	True	5.736261850014838	DOWN	False
15 - ERCC8	3.1953164805975653e-05	0.6690717000094446	0.00019603168592623098	True	5.112693115467971	DOWN	False
15 - ULK1	3.176340738253458e-05	0.6731569590789075	0.00019603168592623098	True	5.19842211639547	DOWN	False
15 - HGS	3.206258869969947e-05	0.6872130583258369	0.0001961014599369998	True	5.535159781450361	DOWN	False
15 - FAM20B	3.223820837627844e-05	0.6722282101591901	0.00019657444131877098	True	5.185752218406232	DOWN	False
15 - APBA3	3.23849010092081e-05	0.693498904317554	0.00019686869914412218	True	5.682837969956499	DOWN	False
15 - CDK19	3.2488466745306255e-05	0.671171271032245	0.00019689979845640153	True	5.17304146879304	DOWN	False
15 - TBXAS1	3.276312308242435e-05	0.6700638356591784	0.00019717871975629016	True	5.1477650012990885	DOWN	False
15 - NT5C2	3.270009914491112e-05	0.6727847989121781	0.00019717871975629016	True	5.20687168318939	DOWN	False
18 - NCAPH2	3.283025683942231e-05	0.6765035364300227	0.00019717871975629016	True	5.295779602052246	DOWN	False
6 - ANKDD1A	3.303237827168015e-05	0.6583637747314575	0.00019779867228550987	True	4.891311510209992	DOWN	False
18 - METTL2B	3.340796068429519e-05	0.6755911552828605	0.0001992251542282637	True	5.284889067235788	DOWN	False
18 - MARK4	3.3469825910348305e-05	0.6749007793635466	0.0001992251542282637	True	5.268400904208549	DOWN	False
18 - GAN	3.368429435302023e-05	0.6613346385986026	0.00019990679141258295	True	4.93494912581782	DOWN	False
18 - CUL4B	3.402795824425375e-05	0.6924653261573633	0.00020111237601842306	True	5.718881982053088	DOWN	False
18 - SFMBT2	3.408854773512271e-05	0.6950424393282633	0.00020111237601842306	True	5.766601539061583	DOWN	False
6 - FCRL1	3.421485192711682e-05	0.6669816434504325	0.00020126383486539305	True	5.131503303476835	DOWN	False
18 - IFT80	3.4533863591534875e-05	0.6546859529205039	0.00020237013411746643	True	4.793015609128148	DOWN	False
18 - SKIV2L	3.460529293408676e-05	0.6609399778331473	0.00020237013411746643	True	4.943797174023197	DOWN	False
18 - SNHG19	3.471208680938531e-05	0.643482563115568	0.00020240283853868984	True	4.509058603193248	DOWN	False
18 - ERCC3	3.511758658436559e-05	0.65915118792206	0.00020417201502538135	True	4.91588543073358	DOWN	False
18 - GXYLT1	3.575013203116484e-05	0.6787467828099087	0.00020724714220965126	True	5.389047909827059	DOWN	False
15 - CHERP	3.624675516555875e-05	0.6672319636193803	0.00020951881598588876	True	5.11585730468831	DOWN	False
15 - TP53	3.6591112729023045e-05	0.6664772622026257	0.00021089978518168905	True	5.095007983440117	DOWN	False
18 - CRKL	3.706899672917263e-05	0.6723978686560932	0.0002130067010187017	True	5.253589941538441	DOWN	False
18 - MBD6	3.7169669327763444e-05	0.6775269279188567	0.0002130067010187017	True	5.371186283253616	DOWN	False
18 - ZNF664	3.753021454322436e-05	0.6665396914751904	0.00021445836881842494	True	5.130371773479047	DOWN	False
15 - QRSL1	3.7927892445055456e-05	0.6736742624590344	0.0002148889090371414	True	5.282989437882827	DOWN	False
15 - OSBPL3	3.78708124501026e-05	0.6813401093827391	0.0002148889090371414	True	5.456965399748264	DOWN	False
15 - NUP133	3.780604629544104e-05	0.6556403902723027	0.0002148889090371414	True	4.877342009917186	DOWN	False
6 - TMEM44	3.866576548494649e-05	0.6520066891923135	0.0002178352985067408	True	4.814956273978936	DOWN	False
15 - ACVR1	3.8585738278640314e-05	0.6558958847831851	0.0002178352985067408	True	4.888179829191792	DOWN	False
18 - PPP1R9B	3.890617828194998e-05	0.6593045016033163	0.0002185740352918538	True	4.965042771066094	DOWN	False
15 - TIGAR	3.9702310972167254e-05	0.6562730366886361	0.0002211827909312939	True	4.90876912730508	DOWN	False
18 - GALT	3.95420313376027e-05	0.6895153608498206	0.0002211827909312939	True	5.697255217412769	DOWN	False
15 - PSTK	3.9687736244520266e-05	0.6612325947775781	0.0002211827909312939	True	5.03540306116097	DOWN	False
18 - GCC1	4.020083301969901e-05	0.6432041553480863	0.00022333796122055006	True	4.604252361106523	DOWN	False
15 - FAM184B	4.072978085944978e-05	0.6628623680094771	0.00022564975545401542	True	5.093253966863119	DOWN	False
15 - GXYLT1	4.092517483578195e-05	0.6706632703957531	0.00022610593831923732	True	5.250005053822124	DOWN	False
18 - CTSF	4.141453184891564e-05	0.6839007325194832	0.00022817923883700075	True	5.591320477209921	DOWN	False
15 - MBTD1	4.203588412621251e-05	0.6795479001243198	0.00023026832322014113	True	5.462288065410198	DOWN	False
15 - PIGG	4.1935341606347265e-05	0.6517570711841802	0.00023026832322014113	True	4.8275488209301	DOWN	False
18 - IDE	4.226892649605851e-05	0.6539544851577583	0.00023026832322014113	True	4.901247822469867	DOWN	False
18 - TRAF1	4.225384129541432e-05	0.6867732201027448	0.00023026832322014113	True	5.661332273002194	DOWN	False
15 - ZNF266	4.236937147250597e-05	0.6696127135989502	0.00023026832322014113	True	5.253392747062523	DOWN	False
15 - BCL3	4.271849906090086e-05	0.6404734046611471	0.0002313081127825212	True	4.5556339073989065	DOWN	False
6 - CLUH	4.279200086476642e-05	0.6731431992937325	0.0002313081127825212	True	5.365257984881887	DOWN	False
15 - NRF1	4.296675778547865e-05	0.6575977023181478	0.0002316267266063539	True	4.988773607477637	DOWN	False
15 - PEX19	4.3231345068561744e-05	0.6690220497719346	0.0002324265863901169	True	5.232779687347169	DOWN	False
18 - HIPK2	4.35677207040186e-05	0.6772510584671703	0.00023360708152288793	True	5.458723414121726	DOWN	False
6 - SYNJ1	4.3742214167141746e-05	0.6614869985385656	0.00023391558378150666	True	5.078887237937674	DOWN	False
15 - VPS39	4.4476603160203965e-05	0.6594540315834458	0.00023537011495436712	True	5.028289590236521	DOWN	False
15 - GLRX2	4.460263678385257e-05	0.663546398720336	0.00023537011495436712	True	5.132911300710981	DOWN	False
6 - IL15	4.4250600628514825e-05	0.6685382403964321	0.00023537011495436712	True	5.2670969357865705	DOWN	False
15 - ZNF354A	4.4288847836915224e-05	0.6604606226965223	0.00023537011495436712	True	5.058093061437383	DOWN	False
18 - ZBTB40	4.456971659871911e-05	0.668676416307882	0.00023537011495436712	True	5.255838410046779	DOWN	False
15 - ARFGAP1	4.6142747272215345e-05	0.6691518638431413	0.00023678017329509533	True	5.268218087010689	DOWN	False
15 - POLL	4.617213379254359e-05	0.6877994794601656	0.00023678017329509533	True	5.687297696505007	DOWN	False
15 - WARS	4.538117168273459e-05	0.6572261359277844	0.00023678017329509533	True	5.006552389319962	DOWN	False
18 - RASA1	4.604914466133092e-05	0.6431485491541031	0.00023678017329509533	True	4.684007445403982	DOWN	False
18 - MARCH8	4.615389900952671e-05	0.6771316789131521	0.00023678017329509533	True	5.488392957473036	DOWN	False
15 - TUBGCP5	4.558380882002666e-05	0.6599123563830833	0.00023678017329509533	True	5.047661875605694	DOWN	False
18 - METAP1	4.5868566236673125e-05	0.6824109236303035	0.00023678017329509533	True	5.594961159173419	DOWN	False
18 - DNAJC14	4.5943929803615724e-05	0.6362269259033937	0.00023678017329509533	True	4.507491728295056	DOWN	False
15 - C17orf67	4.6060238775069706e-05	0.6689072240862363	0.00023678017329509533	True	5.256370660687041	DOWN	False
18 - ITPR3	4.5759877449147446e-05	0.6341606074714269	0.00023678017329509533	True	4.464477587532399	DOWN	False
15 - DIP2B	4.530563295435108e-05	0.6651141986930755	0.00023678017329509533	True	5.171168678554669	DOWN	False
15 - PECR	4.654470851939152e-05	0.6648299293274779	0.00023808035048282107	True	5.16886705428857	DOWN	False
18 - FAM122B	4.666837220190789e-05	0.6684970477984118	0.0002381039398056525	True	5.274983329835663	DOWN	False
6 - HIRA	4.6911982559127985e-05	0.6464443298630242	0.00023824414253428497	True	4.758594350379961	DOWN	False
15 - DCAF6	4.693409607925414e-05	0.6645675786373687	0.00023824414253428497	True	5.167770140640297	DOWN	False
6 - ACP6	4.788691991497451e-05	0.6699286830845732	0.00024246541729101018	True	5.3286790687852434	DOWN	False
18 - CDCA4	4.8454583203905166e-05	0.680617818323902	0.0002428703982421121	True	5.542037454584069	DOWN	False
17 - NOL3	4.857407964842242e-05	0.6545689199025707	0.0002428703982421121	True	4.989571500401772	DOWN	False
15 - GTPBP3	4.818823510865933e-05	0.672541032295386	0.0002428703982421121	True	5.353518752671577	DOWN	False
15 - SIDT1	4.854394612063828e-05	0.6470154632265015	0.0002428703982421121	True	4.795521594368791	DOWN	False
18 - ATP2A2	4.854422148825588e-05	0.672329527643732	0.0002428703982421121	True	5.366298894451322	DOWN	False
18 - WWP2	4.893079256840238e-05	0.655937524638959	0.00024404385320898943	True	5.012321024451344	DOWN	False
18 - PPFIA1	4.9260754741986545e-05	0.6585591704624733	0.0002441832586916793	True	5.058793487363648	DOWN	False
15 - ARSG	4.914167929026547e-05	0.642716952872319	0.0002441832586916793	True	4.710512520338754	DOWN	False
18 - IFIH1	4.932501825571922e-05	0.6607516839288963	0.0002441832586916793	True	5.127597445159961	DOWN	False
18 - CSTF3	5.009765314034631e-05	0.6457060972667137	0.00024536626620740866	True	4.776100340037416	DOWN	False
18 - ARAP1	4.975096040304994e-05	0.6418587673611402	0.00024536626620740866	True	4.690124091172293	DOWN	False
18 - UBAP1	4.995593077239402e-05	0.6581887846714	0.00024536626620740866	True	5.068797279706528	DOWN	False
18 - FAM228B	5.028180301902552e-05	0.6710830835809747	0.00024536626620740866	True	5.381612568277293	DOWN	False
18 - IPP	5.0203093128420306e-05	0.644722436253451	0.00024536626620740866	True	4.7616732162764155	DOWN	False
6 - MRPL39	5.030008457251878e-05	0.6675818574822638	0.00024536626620740866	True	5.269016548517144	DOWN	False
18 - ANKFY1	5.093766888519813e-05	0.668907702112409	0.0002474425535408842	True	5.313559191017814	DOWN	False
15 - POR	5.0973166029422146e-05	0.6561393301387561	0.0002474425535408842	True	5.009780224607711	DOWN	False
15 - ZBTB37	5.140209636189663e-05	0.673193497456289	0.00024790314192632345	True	5.394700943904582	DOWN	False
18 - CDIP1	5.156146813389828e-05	0.6442160880364591	0.00024790314192632345	True	4.753522389014217	DOWN	False
6 - SEC31B	5.1522576358098426e-05	0.646645829112068	0.00024790314192632345	True	4.841854853944093	DOWN	False
15 - TMEM8A	5.1563853520675274e-05	0.6823598111109956	0.00024790314192632345	True	5.604180143133468	DOWN	False
6 - SPPL2B	5.179966969637295e-05	0.6340084123934087	0.0002484396628123403	True	4.508109673454655	DOWN	False
15 - STRIP1	5.197208281637611e-05	0.6412527535999015	0.00024867025270993353	True	4.707895600236378	DOWN	False
18 - NOL4L	5.239208259355532e-05	0.6561172632861152	0.00025008153982603975	True	5.022692645928989	DOWN	False
15 - ANO9	5.26820277535478e-05	0.6459546408145385	0.00025078440050140395	True	4.81623008123657	DOWN	False
18 - LPAR2	5.279011630554553e-05	0.6348511859591717	0.00025078440050140395	True	4.550855188359684	DOWN	False
10 - PAM	5.300280973263849e-05	0.653814350795193	0.0002511981503916516	True	4.998382981423611	DOWN	False
6 - KCTD9	5.373543794673363e-05	0.6533682288446498	0.0002540682645235633	True	5.011468331809012	DOWN	False
18 - HEATR5B	5.42020850775593e-05	0.6640228253702308	0.00025552197280104597	True	5.241040514099516	DOWN	False
18 - YIF1B	5.429841922022227e-05	0.6620370790973584	0.00025552197280104597	True	5.189580776511264	DOWN	False
15 - ALDH6A1	5.456208579901478e-05	0.6693544564741833	0.00025616002722542153	True	5.332181191393587	DOWN	False
6 - PLCXD2	5.507351952105388e-05	0.6382146539630842	0.00025675300476015795	True	4.699056901158391	DOWN	False
18 - PNPLA6	5.494802191363668e-05	0.6676695260737104	0.00025675300476015795	True	5.3453652137289485	DOWN	False
6 - C2CD3	5.5032005504163095e-05	0.6336773465908915	0.00025675300476015795	True	4.546313152001581	DOWN	False
18 - CTSH	5.657290681304605e-05	0.6912867310920763	0.0002631297991304468	True	5.850390025895997	DOWN	False
18 - L3MBTL3	5.672505337450673e-05	0.6766322955937141	0.0002632253056821658	True	5.546452875644632	DOWN	False
18 - CMTR1	5.70510736954688e-05	0.6221047897177305	0.00026412534118272593	True	4.306569740658586	DOWN	False
6 - NUP93	5.900848386897195e-05	0.653953095677102	0.00027255650747793047	True	5.069254219650228	DOWN	False
15 - PBX4	5.925666811712471e-05	0.642657619045211	0.0002730722033047222	True	4.797259633572882	DOWN	False
15 - PDPR	6.028726683449115e-05	0.641639714596651	0.000277182836020649	True	4.805213928582645	DOWN	False
18 - UBP1	6.07318843236504e-05	0.6454827148503925	0.00027858662533784584	True	4.8679211914694465	DOWN	False
18 - DSTYK	6.133440552358316e-05	0.6575581437025994	0.0002807066614351632	True	5.14973659038925	DOWN	False
18 - TRIM25	6.17766781669804e-05	0.6255047906642742	0.0002820852884337005	True	4.439967532712831	DOWN	False
18 - NUP62	6.370964347424124e-05	0.6662836472956057	0.00029024894521294416	True	5.366421310093235	DOWN	False
15 - CEP55	6.40334684440802e-05	0.6365455899814965	0.0002910612202003645	True	4.730802121367083	DOWN	False
18 - OMA1	6.428190205765016e-05	0.6405773996339164	0.00029152790048820936	True	4.781120424244323	DOWN	False
6 - PXMP4	6.47766721572074e-05	0.6363988263407898	0.0002931071138335176	True	4.722598146122608	DOWN	False
18 - TMED7	6.503029974114227e-05	0.6653524748945763	0.000293590518018701	True	5.359013644942833	DOWN	False
18 - PLCG1	6.559571902020611e-05	0.6285037514974856	0.0002954762118027302	True	4.5414611832122596	DOWN	False
18 - PRMT9	6.590881345935884e-05	0.6436953409011572	0.00029595667402891645	True	4.877080527819695	DOWN	False
17 - TBC1D24	6.599833830844837e-05	0.6536875218049397	0.00029595667402891645	True	5.1166878819139106	DOWN	False
6 - DNASE1L1	6.826401566151219e-05	0.6575761982970778	0.0003054318374116876	True	5.193803973096208	DOWN	False
18 - SSH1	6.898302152291702e-05	0.6279509451981484	0.0003079599175130224	True	4.555761699585931	DOWN	False
18 - OSBPL3	6.961404965333262e-05	0.6447116826320192	0.0003100848536896776	True	4.920689594175067	DOWN	False
18 - TMEM127	6.991862135796723e-05	0.6347414083935394	0.00031074942825763213	True	4.7001764415340315	DOWN	False
18 - C12orf76	7.012926286009691e-05	0.678081517025579	0.00031099451379200404	True	5.645767842101304	DOWN	False
15 - UVSSA	7.084115817990178e-05	0.6496506975675566	0.00031345645212345916	True	5.031082925799222	DOWN	False
15 - EPS15L1	7.133990538576995e-05	0.6258662023271939	0.0003149664696943486	True	4.518978064921294	DOWN	False
6 - CLPB	7.168043753069675e-05	0.6437609645406188	0.00031577285255813544	True	4.969456982118998	DOWN	False
15 - FAM120B	7.278585331782494e-05	0.62303276989476	0.0003199378167816481	True	4.472486531144026	DOWN	False
18 - TUBB2A	7.298112559084302e-05	0.6317839057772746	0.0003200926561001887	True	4.653631207132232	DOWN	False
15 - ZNF251	7.472840121758306e-05	0.6571147676123011	0.00032561394866049265	True	5.193110759528293	DOWN	False
18 - HMGN4	7.441307009137255e-05	0.6277465232235856	0.00032561394866049265	True	4.587277750282426	DOWN	False
6 - DENND1A	7.460021965022268e-05	0.6167970621676199	0.00032561394866049265	True	4.4059677246654365	DOWN	False
18 - EAF1	7.515624446896574e-05	0.6191980950383396	0.000326766280299851	True	4.408390757522686	DOWN	False
18 - NNT	7.555478540333116e-05	0.6737954296823023	0.0003277864876500267	True	5.585473734081105	DOWN	False
18 - LIPA	7.714620355858681e-05	0.6529501409922234	0.00033396624917137146	True	5.1398843167050945	DOWN	False
15 - CAMTA2	7.740606104078562e-05	0.6317511705918508	0.00033436743430144975	True	4.694836835611876	DOWN	False
18 - MTA2	8.37538382785219e-05	0.6610985018559634	0.0003602315624882662	True	5.362976771939732	DOWN	False
18 - TRAPPC9	8.372099784204057e-05	0.6232433086359621	0.0003602315624882662	True	4.52897092961621	DOWN	False
18 - PSTK	8.397113357261343e-05	0.6790056616909819	0.00036039113121293315	True	5.705090527112659	DOWN	False
18 - HNRNPUL2	8.446948124396503e-05	0.6476084596409661	0.0003617536669977089	True	5.0430789105887435	DOWN	False
15 - ZNF12	8.67199961535059e-05	0.6282798351351815	0.0003705982741602816	True	4.681835827822771	DOWN	False
15 - BAG4	8.74259448675474e-05	0.6197252167254415	0.0003728185282198184	True	4.495947459617024	DOWN	False
15 - ZNF585A	8.765247791675534e-05	0.6207927503591154	0.0003729892677308738	True	4.549789269058369	DOWN	False
18 - ZNF506	8.831666900444013e-05	0.6693166242839169	0.000375017702778939	True	5.538635065300952	DOWN	False
6 - NRBP2	8.899519473271056e-05	0.638189834488708	0.00037668021503929226	True	4.947285819572568	DOWN	False
18 - MDN1	8.908487085679262e-05	0.6471470393660653	0.00037668021503929226	True	5.081171495177947	DOWN	False
15 - SNHG22	9.004695391989781e-05	0.620411039261626	0.000379944953248514	True	4.537547036336097	DOWN	False
17 - ACAD8	9.063240631002056e-05	0.6570354476298456	0.00038001008935019105	True	5.353800709161884	DOWN	False
17 - ZBTB41	9.059471273253905e-05	0.6131013637923752	0.00038001008935019105	True	4.409416229365516	DOWN	False
18 - MSRB1	9.041233943174465e-05	0.6166392085154431	0.00038001008935019105	True	4.438536477352772	DOWN	False
15 - GGA3	9.18560360136933e-05	0.6330141970566641	0.00038355340825287743	True	4.783933421004839	DOWN	False
6 - DDX11	9.186104127656414e-05	0.6205463299375242	0.00038355340825287743	True	4.580324971326197	DOWN	False
15 - SLC41A1	9.290864280386835e-05	0.6130312105341866	0.00038666593136255035	True	4.389700856427731	DOWN	False
15 - DNHD1	9.299315649269335e-05	0.6122602623142142	0.00038666593136255035	True	4.383692928018008	DOWN	False
15 - ZNF316	9.426791381572652e-05	0.6280479842616233	0.0003911531693598611	True	4.706194093212107	DOWN	False
18 - GPALPP1	9.468878614327103e-05	0.6370931322663079	0.00039208607098662954	True	4.90087963254064	DOWN	False
18 - LEMD3	9.50979367224658e-05	0.6430006734014299	0.0003929666806713463	True	5.026693598241318	DOWN	False
6 - FBXW9	9.572754804532124e-05	0.6435856715492152	0.00039475277544462366	True	5.059519687702791	DOWN	False
6 - ELL	9.7405341393908e-05	0.6262732306987879	0.0004008450263123786	True	4.736719959742555	DOWN	False
18 - ATF2	9.813357364096831e-05	0.649772926763399	0.00040301262275551665	True	5.167965518565398	DOWN	False
15 - LYSMD3	9.981896453126193e-05	0.6200797435781991	0.0004090941169314014	True	4.561911959168172	DOWN	False
18 - DUSP5	0.00010178729920695684	0.6408663214763548	0.00041619787353334	True	5.0028040227182435	DOWN	False
15 - NUP205	0.0001019684790156683	0.6073916991605276	0.00041619787353334	True	4.325825520139388	DOWN	False
18 - ASAP1	0.00010327070327242893	0.6229338596912515	0.0004197996067984916	True	4.646438772539347	DOWN	False
15 - OAS2	0.0001030788033120622	0.6127777134217709	0.0004197996067984916	True	4.42669523839572	DOWN	False
18 - QRICH1	0.00010463096958868157	0.638024273222126	0.0004244664080676737	True	4.963682546252984	DOWN	False
18 - ZMYM4	0.00010529566570294246	0.6092617847903303	0.00042627707382623205	True	4.375292290279716	DOWN	False
15 - LHPP	0.00010550357577199243	0.613423151036417	0.00042627707382623205	True	4.481046258017787	DOWN	False
15 - PDE8A	0.00010645887674531895	0.6082974852200977	0.0004285164403987209	True	4.383224712360046	DOWN	False
15 - ZDHHC7	0.00010648633543908215	0.6137100706142277	0.0004285164403987209	True	4.46980839283451	DOWN	False
17 - TTYH3	0.00010790532121951468	0.6084267459569216	0.0004333547036928301	True	4.407055639643889	DOWN	False
6 - ZNF717	0.00010819621017543746	0.603185942183073	0.0004336521449917333	True	4.344985946951014	DOWN	False
18 - DPYSL2	0.00010991470688825888	0.608038175046046	0.0004379071987580035	True	4.368272451611417	DOWN	False
6 - POMGNT2	0.00010958483354372994	0.6147074663477657	0.0004379071987580035	True	4.559709076025034	DOWN	False
18 - ELP3	0.00010972586861468514	0.6356085366172999	0.0004379071987580035	True	4.934305540416637	DOWN	False
18 - ITPR1	0.00011036883684223397	0.6485605011401481	0.0004388422936072921	True	5.210937920750817	DOWN	False
17 - MAP3K14	0.00011081920756950137	0.6208889489168883	0.00043888795077030244	True	4.66999572648993	DOWN	False
15 - ZNF318	0.0001107308783815375	0.6023938719856348	0.00043888795077030244	True	4.2544025037032585	DOWN	False
18 - CCDC22	0.0001113252940508902	0.6341003684228852	0.0004391530337313223	True	4.901726483624789	DOWN	False
15 - PRR34-AS1	0.00011121314247997116	0.6097717411957263	0.0004391530337313223	True	4.399511367594671	DOWN	False
15 - RNF144A	0.00011309013642613053	0.6048535247261697	0.00044523675758319106	True	4.335878056985338	DOWN	False
18 - CARNMT1	0.0001134358863192908	0.6209805611028726	0.0004456710768639111	True	4.646748534196491	DOWN	False
15 - AK1	0.00011364612460029733	0.6002250724228728	0.0004456710768639111	True	4.25726393073997	DOWN	False
18 - NAPG	0.00011579981613107915	0.6548176774739508	0.00045256302415091695	True	5.34226509621557	DOWN	False
15 - BPGM	0.00011585613418263474	0.619422099998609	0.00045256302415091695	True	4.645785683454337	DOWN	False
15 - RBM18	0.00011678543948534514	0.607957445906642	0.0004544180524721601	True	4.402073486137342	DOWN	False
15 - PHRF1	0.0001167305635346727	0.5992266805405759	0.0004544180524721601	True	4.243948926754669	DOWN	False
18 - ANO6	0.00011896747630790738	0.5955663792568335	0.00046111424925545497	True	4.150449777599989	DOWN	False
6 - CPSF4	0.00011882886389502634	0.6209461658756588	0.00046111424925545497	True	4.673303453676409	DOWN	False
15 - CPSF1	0.00012084335900719445	0.6093122029276528	0.0004674791450955298	True	4.446619359558391	DOWN	False
15 - CAPRIN2	0.00012125659023742852	0.6164401291570714	0.00046817216307887456	True	4.565140860856027	DOWN	False
18 - USP4	0.00012204540675431197	0.6276662677609212	0.0004703098526177725	True	4.8189445466297345	DOWN	False
18 - CD99L2	0.00012339049998055795	0.6555631991619384	0.0004735251931444292	True	5.3510675652707205	DOWN	False
10 - ADGRG1	0.0001237780990681614	0.6158177468672199	0.0004735251931444292	True	4.6172051175840725	DOWN	False
15 - INTS2	0.00012382683800726824	0.5946678486572212	0.0004735251931444292	True	4.170445684776527	DOWN	False
15 - FPGS	0.00012327073371498631	0.5975888335978263	0.0004735251931444292	True	4.229172896906952	DOWN	False
15 - ZFAND4	0.0001267197683155752	0.5934755719654908	0.0004836632378457068	True	4.168427910659818	DOWN	False
18 - PRPSAP2	0.0001297771436978845	0.6455431615290848	0.0004943891188490838	True	5.209024534286368	DOWN	False
18 - LIMA1	0.00013057474373823208	0.634164128933369	0.0004964819153544946	True	4.965233657871779	DOWN	False
15 - PIKFYVE	0.00013157979657407726	0.5955404748224207	0.000498751252796374	True	4.218397301000552	DOWN	False
18 - FEM1B	0.00013167033073824275	0.6193092631652144	0.000498751252796374	True	4.674645972843975	DOWN	False
17 - SLC35C1	0.00013279910665431327	0.6045781819099278	0.0005020760175966475	True	4.4960091425635795	DOWN	False
15 - ZC3H12A	0.00013636257005000818	0.613409568884397	0.0005145757360377667	True	4.600650767121075	DOWN	False
18 - ZFP90	0.00013701278528510663	0.6097401945966878	0.0005154546961604359	True	4.520807774226209	DOWN	False
15 - AGO1	0.00013711094917867594	0.5858491578692552	0.0005154546961604359	True	4.040765060078944	DOWN	False
15 - ATP13A1	0.00013865345609265223	0.6164139931158998	0.000520275632617832	True	4.636226203951259	DOWN	False
15 - TOP1MT	0.00013968684857468272	0.5890332431443712	0.000523171717508175	True	4.116279697299263	DOWN	False
15 - TUBB2A	0.00014101357440998719	0.6404864511857913	0.0005271535491962137	True	5.106222443482306	DOWN	False
17 - TARBP2	0.00014175486001277715	0.5885045727227263	0.0005289360448237953	True	4.171229522875704	DOWN	False
15 - SAMD12	0.00014227601101279852	0.5909579061618955	0.0005298920335672198	True	4.181512333471225	DOWN	False
17 - GOT1	0.00014262126773845196	0.6175555623415865	0.0005301905863882972	True	4.717218250921274	DOWN	False
6 - MAP1S	0.00014364206345374164	0.5889556008315178	0.0005329946695871675	True	4.166465050677425	DOWN	False
15 - IFI44L	0.00014404514245569544	0.5918958853692207	0.0005335005276136868	True	4.204900678832758	DOWN	False
6 - MEN1	0.0001463864134489956	0.6031231137837039	0.0005411697354861206	True	4.424748006273963	DOWN	False
18 - TMEM70	0.00015068281946939432	0.6777538504367533	0.000556025164093706	True	5.854953529496756	DOWN	False
15 - GPRASP1	0.00015191717828544338	0.5945077216371704	0.0005595476179942665	True	4.259218164045344	DOWN	False
18 - ARFGAP1	0.0001541363300024967	0.6168092606822427	0.0005666776838327085	True	4.761852938887093	DOWN	False
17 - TELO2	0.00015461940958849674	0.6141643549199949	0.0005674106773889789	True	4.691588662235204	DOWN	False
17 - LINC00665	0.00015512450833887748	0.5880605468485807	0.0005682216422669504	True	4.1712814055561145	DOWN	False
15 - UNC93B1	0.00015827218471042848	0.5860162059150457	0.0005786917174055885	True	4.133410371630185	DOWN	False
6 - FANCM	0.00015967465723243368	0.5972560094814097	0.0005816927403731646	True	4.396483918193661	DOWN	False
6 - ZNF75D	0.0001596263095383632	0.6051003892914277	0.0005816927403731646	True	4.525848802338587	DOWN	False
17 - ZNF592	0.00016425528831520708	0.5751726214738277	0.0005972919575098439	True	3.9973329415199252	DOWN	False
10 - APEX2	0.00016459941284108215	0.6013971053741136	0.0005974570339059243	True	4.457332461523465	DOWN	False
6 - RPUSD2	0.00016910889920040972	0.549467039632366	0.0006127134029000351	True	3.372980109216909	DOWN	False
15 - CREB3L2	0.000169702336062727	0.6297307449701502	0.0006137516674963001	True	4.9593693276611415	DOWN	False
15 - PHF8	0.00017026257303842662	0.6036695135226062	0.0006146663286585798	True	4.46456185403369	DOWN	False
8 - TAOK1	0.00017147622517288408	0.6344543074080566	0.0006179323429653479	True	5.067545573873925	DOWN	False
18 - UBQLN2	0.0001738305507813509	0.6160990673102961	0.0006252897510120536	True	4.748292477788715	DOWN	False
18 - AGA	0.00017444864486027	0.6499437298314824	0.0006263865165539317	True	5.354157192294812	DOWN	False
18 - MYD88	0.00018343328546410742	0.6397642752510584	0.0006574669729896322	True	5.211303307608622	DOWN	False
18 - ZFP62	0.0001838664127378209	0.6294103580972394	0.0006578404749117026	True	4.9830201949244515	DOWN	False
6 - C7orf43	0.00018896427891335055	0.566986662830748	0.0006748581516833769	True	3.8490877210582575	DOWN	False
17 - RAB40B	0.00018929771154718722	0.623776432770524	0.0006748581516833769	True	4.942364488682025	DOWN	False
18 - BCOR	0.00019412883935643332	0.6009957147099221	0.0006908499621225384	True	4.570025796972091	DOWN	False
15 - FAM8A1	0.0001949733965239675	0.5847222865780273	0.0006926230782378953	True	4.204773962842402	DOWN	False
18 - NPC1	0.00019864076250653007	0.6408564982254423	0.000704399867044433	True	5.226080214235589	DOWN	False
18 - TGFBRAP1	0.00020022190968072007	0.5805760011494376	0.0007087501227636109	True	4.154894183277585	DOWN	False
18 - VPS41	0.00020070006218231295	0.660253672876693	0.000709187498877431	True	5.595557416134405	DOWN	False
15 - RFX5	0.0002075927777926978	0.5677027787180112	0.0007320957915340964	True	3.9470423126392613	DOWN	False
17 - SIPA1L3	0.00020791520479568337	0.5826316164083325	0.0007320957915340964	True	4.280135546507337	DOWN	False
18 - IPO9	0.0002205829909558421	0.6011630374418973	0.0007753356448360004	True	4.589564922843348	DOWN	False
6 - FPGT	0.00022206784791312106	0.5552814525055982	0.0007788601705408218	True	3.766991095497459	DOWN	False
18 - HSPBP1	0.00022236457868940462	0.5941977072087308	0.0007788601705408218	True	4.507309018164654	DOWN	False
18 - RNF40	0.00022847181706042718	0.5752968492522132	0.0007988525072042909	True	4.156425963845151	DOWN	False
18 - TMEM182	0.00023123085339094018	0.6105224091803118	0.0008070884935111351	True	4.750420018973747	DOWN	False
6 - ST3GAL6	0.00023410149021763083	0.5463286314770164	0.0008156846349046371	True	3.579670073030062	DOWN	False
18 - UBL7	0.00024148499789233835	0.5792007184169845	0.0008399478187559596	True	4.251165560506708	DOWN	False
15 - PDZD8	0.0002454432191514311	0.5592541978014998	0.000852233399831358	True	3.8564781316595913	DOWN	False
17 - CX3CR1	0.0002497888183833341	0.5693623888181749	0.0008652114556186637	True	4.154369675521199	DOWN	False
18 - MTMR1	0.00025047871640160313	0.5723773354178465	0.0008652114556186637	True	4.154565835965142	DOWN	False
15 - ABCC1	0.00025032008085890123	0.5483063692983536	0.0008652114556186637	True	3.6260182424839074	DOWN	False
15 - SETDB1	0.0002543504669457741	0.5468986498318218	0.0008770705756750832	True	3.6540402488314876	DOWN	False
18 - TXLNA	0.0002635342033804333	0.6062737872970179	0.0009071745383147447	True	4.691333399220304	DOWN	False
6 - ABHD15	0.0002758376458120715	0.5350595822440903	0.0009478956900758471	True	3.4748271411234333	DOWN	False
15 - FOSL2	0.00028013276482452554	0.5479185681247286	0.0009610043390206708	True	3.6991710974452188	DOWN	False
18 - ZNF598	0.0002964521781447793	0.5547058488984885	0.0010152471854273264	True	3.891258844997362	DOWN	False
18 - SNX1	0.00030199356241500386	0.6424580257527606	0.001032456623641039	True	5.382729786155592	DOWN	False
18 - CLN5	0.0003071358580661876	0.6335197514054227	0.001048245249372654	True	5.2261688139967015	DOWN	False
17 - DPY19L3	0.00032042712751445546	0.5558792820950182	0.0010917448978346013	True	3.977320216016123	DOWN	False
6 - RAB3IP	0.0003223883027742014	0.5287841387158745	0.0010965588529734743	True	3.4638676303813396	DOWN	False
15 - RASSF2	0.00033118255464847923	0.5933632820311142	0.0011245587594175867	True	4.553557681750543	DOWN	False
6 - WEE1	0.0003332722089056661	0.5558904190856344	0.0011297363013751394	True	3.9975485540489903	DOWN	False
12 - ZNF623	0.0003398920543391526	0.5487396130276427	0.001150226918237403	True	3.8577163261007024	DOWN	False
6 - ZNF737	0.0003507066088447308	0.5485737484283	0.001184819624475442	True	3.8271374166618575	DOWN	False
6 - ZSCAN18	0.00036522323156018555	0.5220327934815638	0.0012317815566953983	True	3.461543970346883	DOWN	False
18 - RC3H1	0.00036869844885800696	0.6011415486125441	0.0012414089187138282	True	4.767485787297043	DOWN	False
18 - NUGGC	0.0003730277931964787	0.6163565045939992	0.0012538749351142142	True	4.985533887979751	DOWN	False
6 - MRPL17	0.00037683518960651696	0.5588454365884149	0.0012624294459179799	True	4.088787399078764	DOWN	False
6 - ZNF558	0.0003762377376040904	0.5320495902350936	0.0012624294459179799	True	3.659112425026052	DOWN	False
6 - EIF2B4	0.00038618771575926747	0.5484214485373841	0.0012915977115694564	True	3.862198116976549	DOWN	False
17 - PFAS	0.00039545751272151985	0.539023848102923	0.001320392363010083	True	3.8191885841893574	DOWN	False
18 - NFIA	0.0004048446965123631	0.5976672030683884	0.001347884700719449	True	4.696362886274115	DOWN	False
18 - NRF1	0.0004050393525661944	0.6157400662460089	0.001347884700719449	True	4.999362677277123	DOWN	False
18 - MLH1	0.0004096219298934667	0.6051938582575163	0.001360870198981617	True	4.825212766916045	DOWN	False
6 - AAGAB	0.0004133924366334085	0.5301938422104385	0.0013711191928139587	True	3.6429691201789507	DOWN	False
18 - COA5	0.0004294239873285921	0.6305749563611875	0.0014219337328761328	True	5.268973464198695	DOWN	False
6 - CEP70	0.0004391775729318814	0.5096219779865443	0.0014518266873781204	True	3.2633993816014275	DOWN	False
17 - GTDC1	0.00044539090222484035	0.5328940206109629	0.001469936971039077	True	3.7450904832661727	DOWN	False
18 - TTC27	0.0004609690543980749	0.6059540492763184	0.0015188436718223226	True	4.874147310116679	DOWN	False
18 - PLCD1	0.0004662421740597722	0.6044827585296403	0.0015336913620387243	True	4.852831119220848	DOWN	False
18 - SLFN11	0.00047043804384439003	0.6162452884426377	0.0015449525249405256	True	5.050142592691084	DOWN	False
17 - PARP15	0.0005490209312978278	0.5553177062259937	0.0018000686272059928	True	4.147038609015864	DOWN	False
18 - WIPF2	0.0005636426966816321	0.6155088472908887	0.0018449842771902853	True	5.087983444680971	DOWN	False
6 - USP21	0.0005668308870706573	0.554661924858216	0.0018523885198387495	True	4.1834699236320505	DOWN	False
17 - VWF	0.0005726816613897956	0.5575381098185983	0.0018684556652195615	True	4.233591073343069	DOWN	False
15 - TXNL4B	0.0005941633393830026	0.5100026973790601	0.00193538547030294	True	3.4480339084105522	DOWN	False
10 - CLIP4	0.0006101127326774147	0.5329394058378667	0.00198410644773143	True	3.898834549532012	DOWN	False
18 - LACTB	0.0006259688767467075	0.5961480887710777	0.0020323664829438558	True	4.803959151462912	DOWN	False
15 - ILVBL	0.0006322417681695613	0.5233855957607482	0.00204940605565498	True	3.6965744208858	DOWN	False
6 - NAP1L3	0.0006420499281974967	0.4891782952098608	0.002077831482839795	True	3.140725963080507	DOWN	False
6 - CEP85	0.0006480295098421074	0.558339427352478	0.002093794862171591	True	4.308777979758312	DOWN	False
6 - AGMAT	0.0006550462090176845	0.48892223496925646	0.002113052287153821	True	3.1461094501431375	DOWN	False
18 - SLC9B2	0.0006604235961067406	0.5398747022970241	0.0021269681034033513	True	3.9386672199793673	DOWN	False
15 - POFUT2	0.0006623653322838097	0.5087470635209617	0.002129792065221253	True	3.474150321844471	DOWN	False
6 - EFHC2	0.0006651678111884163	0.497982297357922	0.0021353701803801485	True	3.368804567192614	DOWN	False
6 - WDR41	0.0006692798388076016	0.511592427362029	0.0021451276884859025	True	3.6515665885316753	DOWN	False
15 - HARS2	0.0006963119209263402	0.49831529863391577	0.0022281981469642886	True	3.344717195796918	DOWN	False
6 - JSRP1	0.0007128744789643982	0.4739308206113897	0.002277554245892646	True	2.9746797156408866	DOWN	False
6 - ZNF675	0.0007292468107484851	0.4639137770704628	0.002326146126789426	True	2.8137529358743727	DOWN	False
18 - ZRANB1	0.0007343397800579909	0.5840927830637853	0.0023386617199299075	True	4.662037290098975	DOWN	False
6 - CETN3	0.0007547824922311541	0.5235409178978094	0.002399944331418614	True	3.880660920744928	DOWN	False
18 - LARP4B	0.0007735519931110213	0.5834516194015416	0.002455720613050861	True	4.666987222779336	DOWN	False
18 - CDC16	0.0009492608528053337	0.5757450595937782	0.0030087507220454314	True	4.608320725319212	DOWN	False
15 - KBTBD3	0.0009744574123774496	0.50114832568112	0.003083725988536233	True	3.5351312945277065	DOWN	False
18 - CAPN15	0.001114992429671613	0.5768860914167129	0.0035228828741599143	True	4.683459991299167	DOWN	False
6 - DACT1	0.001136006661299982	0.4682881947679808	0.003583617228075653	True	3.148226684117323	DOWN	False
6 - PGBD2	0.0011431696134173164	0.5468234593519172	0.0036005342154876107	True	4.238804054531176	DOWN	False
15 - ATG16L1	0.0011552104718643985	0.48490266334020515	0.0036327373329069134	True	3.383124504426175	DOWN	False
6 - AGRN	0.001174133594368465	0.4754014464833941	0.003686447706023438	True	3.280106202827491	DOWN	False
6 - ALG6	0.001263414982370703	0.4397687024352419	0.003960548534077439	True	2.7384925998295717	DOWN	False
18 - ZNF609	0.0012760619302875087	0.5108975518126191	0.003993934054108008	True	3.7510892099828315	DOWN	False
18 - RASSF4	0.0013160100656182117	0.5434581776206615	0.004112531455056911	True	4.232507945273735	DOWN	False
6 - C1RL-AS1	0.001321163856725649	0.5163279779383438	0.004122196120828858	True	3.8450983938673304	DOWN	False
6 - SPAG16	0.0013575919772383926	0.46056525476268406	0.004229258496069759	True	3.0770234676421584	DOWN	False
17 - VARS2	0.0013844538640460646	0.45612359999811913	0.004306232858619174	True	3.207061079289759	DOWN	False
6 - SOCS4	0.0014297938132967758	0.4708349503336736	0.004440353457443403	True	3.304973934722619	DOWN	False
6 - WDR81	0.0014397250148630025	0.5188152656744498	0.004464263611978303	True	3.918638177946195	DOWN	False
6 - D2HGDH	0.0014878315172667245	0.4529516188315368	0.004606289527141562	True	2.9897441719953695	DOWN	False
6 - ZNF444	0.001492959865664778	0.4598232622304308	0.004615022768670102	True	3.153774650442764	DOWN	False
6 - GSTM2	0.0015624772921964958	0.4983981262627185	0.004822460778384246	True	3.64702316651213	DOWN	False
17 - EXPH5	0.0015662807631584563	0.4618668845605365	0.00482675119617398	True	3.1559818467001035	DOWN	False
6 - KIF16B	0.0016845152155068321	0.41892274205038316	0.0051831237400210214	True	2.629318886087881	DOWN	False
6 - CHST14	0.00172808116758838	0.5405799564221845	0.005309005123159386	True	4.295669455328212	DOWN	False
6 - CDKAL1	0.0017454480820223717	0.5254248388984715	0.0053541352209275205	True	4.063427499110956	DOWN	False
17 - SLC14A1	0.00178476087620405	0.4879627702739545	0.005466342652998622	True	3.6114413516500097	DOWN	False
18 - MBD1	0.0018095854575871373	0.45186968397517757	0.005533900481917851	True	3.084934194769694	DOWN	False
6 - ATAD3B	0.002010847139698013	0.4939633990779708	0.006139991266253475	True	3.690692474438345	DOWN	False
17 - TTC28	0.002020526513421883	0.4776813486842466	0.006160141809213058	True	3.6313081046966533	DOWN	False
16 - PRPF40A	0.0021616305330137697	0.6053385324505912	0.0065803060365715975	True	4.849761134893793	UP	False
6 - SLX4	0.0022226110866464532	0.4022652599926413	0.006755656798317486	True	2.611302215016312	DOWN	False
17 - CBLB	0.0022651424467601267	0.44529425949025514	0.006874483905190065	True	3.100703137983735	DOWN	False
6 - RGMB	0.002833427184113946	0.4549369936727867	0.008586142982163472	True	3.3953280604875156	DOWN	False
6 - MSH3	0.0030639076781873165	0.4518374688990703	0.009270522475604588	True	3.258836915147221	DOWN	False
6 - BBS4	0.0030935396804976367	0.385234565220829	0.00934604133080857	True	2.526298900598101	DOWN	False
6 - TARBP1	0.0034103856947559352	0.3730917378507307	0.010287739652355762	True	2.3526885187971023	DOWN	False
6 - MAN1C1	0.003606018170705938	0.35238191984279876	0.010861500514174512	True	1.870800027284125	DOWN	False
17 - ADCY3	0.003695992037148099	0.43046580436615856	0.011115765525257441	True	3.163487929913209	DOWN	False
6 - AHCY	0.004062664185234377	0.409434019358087	0.01218251678492987	True	2.951048304292606	DOWN	False
21 - RASGRP1	0.004062869347774112	0.432496884967539	0.01218251678492987	True	3.2503629007169175	DOWN	False
6 - TNPO2	0.004278241363161572	0.37224766494684625	0.012809105877729259	True	2.4330309258363143	DOWN	False
3 - GK	0.004482941316998668	0.5072024523778798	0.013401917240653713	True	3.377356316713893	UP	False
6 - GPALPP1	0.004785037115406898	0.33801231056769654	0.014283692881811636	True	2.1263097329555203	DOWN	False
16 - STK10	0.004984359472076094	0.551038335671775	0.014856511094116525	True	4.309722487268249	UP	False
6 - DOPEY2	0.0051851651457511805	0.37107587192562286	0.015432039124259465	True	2.64120182650132	DOWN	False
6 - RBM44	0.005759318814554715	0.34334358872191206	0.01711536051873615	True	2.1817589214585653	DOWN	False
16 - AKIRIN1	0.006453800607243876	0.5522152640617488	0.01915074364167322	True	4.286462068486032	UP	False
16 - SDCBP	0.0066331523667387815	0.6018112806853219	0.01965378479033713	True	4.705632252063869	UP	False
6 - ADAMTS10	0.006781132867350714	0.3277554226113887	0.020062523276185545	True	2.088423143158739	DOWN	False
16 - IL17RA	0.006806042438094906	0.5319689735300736	0.020106476921993813	True	4.148946953175401	UP	False
16 - ACAP1	0.00782223852736963	0.4927338995154267	0.023074449933243743	True	3.89423093578102	UP	False
6 - AAAS	0.00798229761384961	0.32183219999834944	0.02351192227938029	True	2.0729010023139898	DOWN	False
16 - POLR2L	0.008108670503548687	0.5861879003298489	0.023849030892790255	True	4.594189618903546	UP	False
9 - TOMM40L	0.008132582902010799	0.4087304134594898	0.0238764511624408	True	2.600983773135784	UP	False
9 - TYW1	0.008141869846392313	0.39299032065496264	0.0238764511624408	True	2.4352253627697853	UP	False
13 - AHNAK	0.008164302884920205	0.45062150657790223	0.023907182679122122	True	3.5776859393170497	DOWN	False
16 - UBXN1	0.008407745315416215	0.5334606056973203	0.024584050629871974	True	4.09530726804311	UP	False
5 - ZNF678	0.008495419126638537	0.40934835294618377	0.024767985791949085	True	2.494451078029151	UP	False
6 - KLF11	0.008488586238966533	0.4111702395719292	0.024767985791949085	True	3.1461545677529443	DOWN	False
9 - SLC25A32	0.008596062895501633	0.3640223420861193	0.02502492837118379	True	2.1225869022036887	UP	False
9 - ZNF699	0.008625823738867888	0.40409419071921604	0.025075069008336885	True	2.6550113393291217	UP	False
9 - IGLC2	0.008852762747988296	0.4322363840521303	0.0256974245224624	True	2.89836785173844	UP	False
9 - TCP11L2	0.008870315330272716	0.41597573150405853	0.025711058928326713	True	2.686979121960838	UP	False
6 - FASTKD3	0.008981081365998733	0.42567268936819336	0.025994446790155525	True	3.307405315968746	DOWN	False
9 - ANAPC2	0.008999606504444535	0.3588112254754431	0.02599650104026923	True	1.9909814833535107	UP	False
9 - ATP6V0D1	0.009007787610453288	0.3965089231797877	0.02599650104026923	True	2.6508159728940957	UP	False
5 - PLK3	0.009056765433790526	0.3986428885999478	0.026100188570001518	True	2.609947380281741	UP	False
6 - MMS22L	0.009131631664920148	0.4233518271945851	0.026273514937733607	True	3.287551834262266	DOWN	False
9 - DMTN	0.009143183198331295	0.3875035978105821	0.026273514937733607	True	2.3260141161621113	UP	False
16 - RAB7A	0.009286487135879762	0.5402934355276423	0.02662218000356302	True	4.219151757614166	UP	False
9 - SMPD4	0.009291140821243493	0.3862418042463739	0.02662218000356302	True	2.4204127298559257	UP	False
5 - NBPF26	0.009399097680046875	0.37290213601748	0.02685456480013393	True	2.412736990195502	UP	False
5 - DUSP4	0.009389290833448194	0.3812070409810636	0.02685456480013393	True	2.4780144899612386	UP	False
9 - TMEM79	0.009469092195655504	0.3657480932696682	0.02694927217525996	True	2.2359993641968803	UP	False
9 - AGMAT	0.009472669169603876	0.3888164319799765	0.02694927217525996	True	2.555564069038192	UP	False
9 - NPIPB5	0.009467014032420229	0.34552421844453096	0.02694927217525996	True	2.006974843435766	UP	False
9 - MAST2	0.009503332193429026	0.3957690048653547	0.026998102822241552	True	2.5715123948507266	UP	False
5 - PSMG3-AS1	0.009529429057246963	0.3445703859309658	0.027033841297154505	True	2.1040912712962356	UP	False
9 - FADS2	0.009549151721213178	0.4221205888776034	0.027051421306552914	True	2.7603276041996034	UP	False
16 - AAK1	0.0096927254619531	0.508515934108847	0.02741930823749109	True	3.9545775155907092	UP	False
9 - CCDC34	0.00987534509049981	0.37986139765582405	0.027896455057909067	True	2.4272142718829253	UP	False
9 - GAS6	0.009935944678444386	0.36905370865744114	0.02802805268954693	True	2.386619096946599	UP	False
9 - STAG3	0.010030676272420491	0.3642446109451627	0.02825542611949434	True	2.3459186202534426	UP	False
4 - STON2	0.010056226107291844	0.37800346044659816	0.028287555857361025	True	2.540284629454398	UP	False
5 - SIK1	0.010131031305515292	0.38007966936377724	0.02845029841784758	True	2.4864284142104522	UP	False
5 - DIABLO	0.010142531385962661	0.37517491666845726	0.02845029841784758	True	2.425178525954099	UP	False
6 - ZBTB16	0.010378937343673011	0.3914215413553236	0.02890867994582151	True	2.9905659706710277	DOWN	False
1 - CCL4L2	0.010392670440522833	0.3594224117838142	0.02890867994582151	True	2.3528971815917594	UP	False
5 - LINC00893	0.0103623437388225	0.34464605710129426	0.02890867994582151	True	2.158789609941784	UP	False
9 - HMGB3	0.010339190555208488	0.3485574680035518	0.02890867994582151	True	2.23550312554758	UP	False
9 - ARMC10	0.010372440966594731	0.4069289691891752	0.02890867994582151	True	2.716924150089579	UP	False
9 - PFDN6	0.010371890908704606	0.35853743924222536	0.02890867994582151	True	2.2214088126723923	UP	False
5 - MORC2-AS1	0.010422523938996897	0.3653434902822895	0.028951455386102495	True	2.416138831626449	UP	False
9 - ZNF627	0.010437289656086368	0.35240674255463045	0.028952259794969123	True	2.2631992025183054	UP	False
9 - SLC35E4	0.010480282112343309	0.34669413809187277	0.02903125238876263	True	2.23381268428224	UP	False
5 - NRP2	0.01049503204001545	0.34289601071917497	0.02903190052563057	True	2.158657333087223	UP	False
5 - IGHGP	0.010514180019747021	0.4040083145407598	0.02904469618714647	True	2.7186766261888073	UP	False
9 - TPM1	0.010532023817032332	0.3831411582261808	0.029053858805606434	True	2.4633603966464386	UP	False
9 - PGBD4	0.010572261981938502	0.3716531522477351	0.029084896378830292	True	2.4336847214019324	UP	False
16 - BAZ2A	0.010615987178273056	0.47423410514095454	0.029084896378830292	True	3.761660843540682	UP	False
9 - TMEM44	0.010605186566105429	0.3497548156554737	0.029084896378830292	True	2.222472651291166	UP	False
9 - KBTBD8	0.010601652056759003	0.3609420581253219	0.029084896378830292	True	2.364794161456584	UP	False
9 - RACGAP1	0.010590898998311782	0.3868342854597526	0.029084896378830292	True	2.58026309004239	UP	False
5 - STAM	0.010651011762544016	0.3412521126133453	0.029099540125034278	True	2.0728022586377155	UP	False
9 - LRFN4	0.010664981455825062	0.35784813605580634	0.029099540125034278	True	2.3224631763574957	UP	False
9 - TTC7B	0.010636606804568682	0.3415365719700564	0.029099540125034278	True	2.1579197991667596	UP	False
9 - HIST1H2AC	0.010698585218578582	0.4400509862144768	0.029151458361249542	True	3.042745689208156	UP	False
9 - FASN	0.010754333772506897	0.34048140393648185	0.02925058529444686	True	2.1299693954680183	UP	False
9 - ARHGEF5	0.01080010367485118	0.3588908862047746	0.02925058529444686	True	2.362893097059858	UP	False
5 - ZNF658	0.010786177984727141	0.34730296549837425	0.02925058529444686	True	2.2235502673844496	UP	False
9 - PROS1	0.010808091266298114	0.3581908695125301	0.02925058529444686	True	2.352244973166455	UP	False
5 - HIC1	0.010788042447075541	0.3668272299518883	0.02925058529444686	True	2.440970459056178	UP	False
1 - RASD1	0.010876154888828538	0.36137849530732546	0.029395013213050103	True	2.3839157005470595	UP	False
9 - IGHA2	0.010939828523889639	0.3516194942890297	0.029527202493629254	True	2.312477276240992	UP	False
9 - XAB2	0.011037960998445562	0.357916114366322	0.02975191643785866	True	2.2770473980033783	UP	False
16 - VAPA	0.011093337286866789	0.553461448282351	0.029860934823329178	True	4.404303556734206	UP	False
16 - MYADM	0.01119908508993861	0.57071845538332	0.030105067446071533	True	4.438610636727352	UP	False
9 - ZNF700	0.011235295940131396	0.33064611339062444	0.030147637302329944	True	2.056466912745555	UP	False
16 - XRCC6	0.011245068713769069	0.5072078483354662	0.030147637302329944	True	3.8675516917089845	UP	False
9 - FARP2	0.011363002393434019	0.3471547710752566	0.03042303184319684	True	2.11138787721397	UP	False
9 - CARHSP1	0.011422358417295664	0.3611362540952703	0.030494315512406445	True	2.2982206944789696	UP	False
9 - RRAGB	0.011435368317152417	0.3966863988781526	0.030494315512406445	True	2.600429058850969	UP	False
9 - GTF2B	0.011415740909206717	0.40920272307750616	0.030494315512406445	True	2.5634344464496324	UP	False
4 - DLGAP1-AS2	0.011451940436785102	0.4332055135660492	0.030497844039374437	True	2.8260513045360627	UP	False
5 - EAF1-AS1	0.011527626072447617	0.34822802468996383	0.030658579979913874	True	2.3210895606285225	UP	False
4 - H1F0	0.011582337101178064	0.33805613378188815	0.030722379578721655	True	2.1574178424766663	UP	False
9 - MRRF	0.011578205283241494	0.3606898383869864	0.030722379578721655	True	2.2606925852705615	UP	False
5 - VMAC	0.011663242757116832	0.34935528114616876	0.030896007303620746	True	2.3223197133768685	UP	False
5 - LETM2	0.011706766555368509	0.3588800315547416	0.03097028189250928	True	2.398967968138565	UP	False
9 - MTRNR2L8	0.011752831729418434	0.33245383499456505	0.031051074582347248	True	2.155465517162238	UP	False
3 - SULT1B1	0.011771129466063401	0.35014788340735703	0.03105838909251557	True	2.1378488261276734	UP	False
16 - HNRNPR	0.011798522171645676	0.5017284643420827	0.0310896499911612	True	3.9292592724217075	UP	False
9 - MRPS36	0.012184645514846881	0.3298266019478353	0.03206485661801811	True	2.1435688742799406	UP	False
9 - PPARD	0.012367176632532284	0.30522703175471333	0.03250243530231875	True	1.7595211072699626	UP	False
9 - SUCLA2	0.012738311881888342	0.3485172619261995	0.03343388945377518	True	2.284366986389962	UP	False
16 - PTBP3	0.012870106898876577	0.49618045639914776	0.03373553577687176	True	3.939483505680372	UP	False
9 - LTBR	0.012891898397169421	0.33028458289282847	0.03374842512348016	True	2.201583157594996	UP	False
16 - PAG1	0.012959252849408798	0.47805372206043784	0.03388039960629751	True	3.6698306692264673	UP	False
1 - SPIB	0.013151907457552903	0.3461266230629162	0.03431760637541807	True	2.303079000788047	UP	False
9 - MCU	0.01316080204497283	0.33787891568684514	0.03431760637541807	True	2.2116707994517615	UP	False
9 - CACNB4	0.013277918552319634	0.3239536043180272	0.03454213113066629	True	2.133427850160648	UP	False
8 - FLYWCH1	0.013281449419741187	0.3667529146532701	0.03454213113066629	True	2.458731961103597	UP	False
9 - TMEM14C	0.013325997660904365	0.30990723975931134	0.03460029011121657	True	1.9000515374958398	UP	False
3 - FAM157C	0.013338411837873987	0.335544788431389	0.03460029011121657	True	2.217823666041021	UP	False
5 - CD163	0.013412355790208164	0.33571110194459397	0.03474703572592788	True	2.239611043056112	UP	False
9 - CCDC28A	0.013443300251832047	0.34020236845390117	0.03478214812893156	True	2.129317062064292	UP	False
16 - PSMB8	0.013626870257749446	0.4908935425980727	0.03521155105361614	True	3.8174325766536503	UP	False
9 - LNX2	0.013652243448348256	0.4046193473049319	0.035231595995737434	True	2.725546074899842	UP	False
6 - MTRNR2L1	0.013780581626755328	0.38012749368606735	0.035471252578520795	True	2.9757172160571774	DOWN	False
9 - PXMP2	0.013768786443203451	0.31357929449117716	0.035471252578520795	True	2.1094453284819474	UP	False
16 - UTRN	0.013802288234575522	0.4770792119868742	0.03548146075726355	True	3.66845671367137	UP	False
9 - CRTC1	0.013906463226065036	0.30583474410975875	0.03570337156884476	True	1.909392949061869	UP	False
9 - KNOP1	0.014051090576845948	0.33634815618331004	0.03602843737652807	True	2.2534580825667048	UP	False
9 - CAPG	0.014125493255043198	0.31307845857504935	0.03617283804108373	True	2.0184047754271517	UP	False
16 - PBRM1	0.014350263564830046	0.44117067615799055	0.036701441342276334	True	3.5194134119905507	UP	False
9 - SLC25A16	0.014577040463604973	0.32479497650026024	0.03723381983040862	True	2.062529992710723	UP	False
16 - PRPF4B	0.014731512241238476	0.4719593017085649	0.03758038837050631	True	3.7543404976831094	UP	False
9 - MFSD12	0.014784846505321969	0.36346087618833534	0.03766839873967381	True	2.4039667269510963	UP	False
9 - WDR5	0.015208663830853841	0.30825895809042025	0.03869889015484438	True	1.9869509266028886	UP	False
16 - RSRP1	0.015271826765290597	0.5091633851851429	0.03881023320277153	True	3.9981667791579683	UP	False
5 - HES6	0.015483399637832851	0.3147244568932729	0.03929796862394124	True	2.0991469310360014	UP	False
9 - ZNF841	0.015706449327922756	0.2914986284970612	0.0398135597665976	True	1.798054979314148	UP	False
9 - CD82	0.015793769510537903	0.33927210573735134	0.039984226608956716	True	2.2464607072929823	UP	False
8 - SLC26A11	0.016005197622872336	0.3588466397922221	0.04046826200473409	True	2.4772897747938516	UP	False
20 - XIST	0.01607834208869685	0.44107341353415974	0.04060187396135568	True	3.6661882846023928	DOWN	False
8 - PRR3	0.016138303932106357	0.33836614568239654	0.04070190146811187	True	2.296496503189707	UP	False
5 - PLPP6	0.016264156946378283	0.31166373950381254	0.04092884916885525	True	2.0886893210629465	UP	False
16 - FNBP1	0.016269217544619963	0.4602169529012078	0.04092884916885525	True	3.610584168844299	UP	False
9 - RAB3GAP1	0.016540143512197458	0.2736006265719544	0.04155814952813432	True	1.677689077868915	UP	False
9 - CHCHD5	0.016808546608405583	0.33865824486216145	0.04217953979524613	True	2.319631749308969	UP	False
9 - EEF2K	0.01687697123240406	0.34841597975974126	0.04229817351479714	True	2.2680769660484605	UP	False
7 - LGALSL	0.016987506851396383	0.27923158883932087	0.04252191952790083	True	1.8145697412005668	UP	False
9 - AQP3	0.017026925032406548	0.3097354841879352	0.04256731258101637	True	2.1149344078831733	UP	False
18 - PEX13	0.01719574318221584	0.3289083990836027	0.04293568834510821	True	2.575212061563645	DOWN	False
9 - PRDM10	0.017304450970754726	0.3483115022639277	0.04315324431609657	True	2.4046844078946283	UP	False
9 - HAVCR2	0.017535709660619903	0.36483971156117834	0.04367549106007448	True	2.5109786273822716	UP	False
16 - TRIM22	0.017606595693257843	0.4354991250896447	0.043797501724521994	True	3.433437428533911	UP	False
8 - MIR181A1HG	0.017633952073511927	0.3092836872957959	0.043811061052203545	True	2.121426242788662	UP	False
5 - DGKG	0.017661292231998305	0.3057641636764342	0.04382454648138537	True	2.118677423980805	UP	False
8 - CD19	0.018026259873133665	0.3058951553114124	0.04467474565832383	True	2.052957489442013	UP	False
18 - CSNK1G1	0.01813016869485018	0.3211337852376456	0.044876655185272715	True	2.518225012721664	DOWN	False
9 - DUS3L	0.018246872980921536	0.275511051263682	0.04510969834591232	True	1.763935507836094	UP	False
9 - KLHL2	0.018377391544699195	0.35387504875726195	0.045376275419010355	True	2.363089454699499	UP	False
16 - GLG1	0.01840136781221502	0.4394534065117276	0.04537945206464863	True	3.431420680148454	UP	False
21 - STAG3	0.018923175810389714	0.3530068365212784	0.046608807414752984	True	2.605726088402567	UP	False
16 - HUWE1	0.01900931593472832	0.432964766183637	0.046763384833280006	True	3.4141829243021733	UP	False
16 - SYK	0.019137904806057482	0.46569769774858494	0.04702187913036237	True	3.6553879835953116	UP	False
16 - H1FX	0.019414149794064417	0.5326551023978502	0.04764208538420716	True	4.135760302916196	UP	False
8 - KCTD13	0.019548581901857598	0.29576171440539334	0.04791319093592549	True	2.0839151723088496	UP	False
18 - UBA3	0.019708048314600934	0.3102206754413048	0.04824491631481257	True	2.402087726733308	DOWN	False
16 - POMP	0.020204351257406716	0.5199429555942452	0.04939939182740029	True	4.086911937249273	UP	False
18 - SETD3	0.020244134253811774	0.30442624002263596	0.04943622528403364	True	2.359362069291636	DOWN	False
9 - CYBB	0.02027098575965458	0.29904088085239866	0.04944142868208434	True	1.894719250234306	UP	False
